[2026-08-16 00:11:49] [INFO] dicebot.mod_loader: 加载Mod: dicebot-mod v2.1.0 — 骰娘动态掷骰Mod (FastAPI)
[2026-08-16 00:11:49] [INFO] dicebot.mod.dicebot-mod: 骰娘动态掷骰Mod 已注册 (FastAPI: http://localhost:8001)
[2026-08-16 00:11:49] [INFO] dicebot.mod.dicebot-mod:   状态: /api/mod/dicebot-mod/status
[2026-08-16 00:11:49] [INFO] dicebot.mod.dicebot-mod:   启动: POST /api/mod/dicebot-mod/start
[2026-08-16 00:11:49] [INFO] dicebot.mod.dicebot-mod:   掷骰: POST /api/mod/dicebot-mod/roll
[2026-08-16 00:11:49] [INFO] dicebot.mod_loader:   路由已注册: /api/mod/dicebot-mod
[2026-08-16 00:11:49] [INFO] dicebot.mod_loader: Mod加载成功: dicebot-mod
[2026-08-16 00:11:49] [INFO] dicebot.mod_loader: 加载Mod: example-hello v1.0.0 — 示例Mod - Hello
[2026-08-16 00:11:49] [INFO] dicebot.mod_loader:   路由已注册: /api/mod/example-hello
[2026-08-16 00:11:49] [INFO] dicebot.mod_loader: Mod加载成功: example-hello
[2026-08-16 00:11:49] [INFO] dicebot: Flask 请求日志中间件已安装
[2026-08-16 00:11:49] [INFO] dicebot: 尘封之卷 Web 服务器启动中...
[2026-08-16 00:11:50] [INFO] dicebot: 已监听 IPv6 ::1（加速 localhost 访问）
[2026-08-16 00:11:53] [INFO] dicebot: [GET] /api/auth/me → 401 (0.1ms) IP=::1 UA=?
[2026-08-16 00:11:53] [INFO] dicebot: [GET] /api/auth/me → 401 (0.0ms) IP=::1 UA=?
[2026-08-16 00:11:53] [INFO] dicebot: [GET] /api/online/users → 200 (0.0ms) IP=::1 UA=?
[2026-08-16 00:11:53] [INFO] dicebot: [GET] /api/community/boards → 200 (4.7ms) IP=::1 UA=?
[2026-08-16 00:11:53] [INFO] dicebot: [GET] /api/topics → 200 (61.3ms) IP=::1 UA=?
[2026-08-16 00:11:53] [INFO] dicebot: [GET] /api/workshop/items → 200 (93.4ms) IP=::1 UA=?
[2026-08-16 00:11:53] [INFO] dicebot: [GET] /api/stats/overview → 200 (101.2ms) IP=::1 UA=?
[2026-08-16 00:11:53] [INFO] dicebot: [POST] /api/online/heartbeat → 200 (0.1ms) IP=::1 UA=?
[2026-08-16 00:11:53] [INFO] dicebot: [GET] /api/announcements → 200 (3.4ms) IP=::1 UA=?
[2026-08-16 00:12:05] [INFO] dicebot: [POST] /api/auth/login → 200 (86.3ms) IP=::1 UA=?
[2026-08-16 00:12:07] [INFO] dicebot: [POST] /api/online/leave → 200 (0.1ms) IP=::1 UA=?
[2026-08-16 00:12:07] [INFO] dicebot: [POST] /api/online/leave → 200 (0.1ms) IP=::1 UA=?
[2026-08-16 00:12:07] [INFO] dicebot: [GET] /api/auth/me → 200 (2.7ms) IP=::1 UA=?
[2026-08-16 00:12:07] [INFO] dicebot: [GET] /api/announcements → 200 (2.1ms) IP=::1 UA=?
[2026-08-16 00:12:07] [INFO] dicebot: [POST] /api/online/heartbeat → 200 (1.1ms) IP=::1 UA=?
[2026-08-16 00:12:07] [INFO] dicebot: [GET] /api/favorites → 200 (2.4ms) IP=::1 UA=?
[2026-08-16 00:12:07] [INFO] dicebot: [GET] /api/my/comments → 200 (2.3ms) IP=::1 UA=?
[2026-08-16 00:12:27] [INFO] dicebot: [POST] /api/online/heartbeat → 200 (3.7ms) IP=::1 UA=?
[2026-08-16 00:12:40] [INFO] dicebot: [POST] /api/auth/avatar → 200 (6.3ms) IP=::1 UA=?
[2026-08-16 00:12:47] [INFO] dicebot: [POST] /api/online/heartbeat → 200 (1.0ms) IP=::1 UA=?
[2026-08-16 00:13:07] [INFO] dicebot: [POST] /api/online/heartbeat → 200 (1.1ms) IP=::1 UA=?
[2026-08-16 00:13:27] [INFO] dicebot: [POST] /api/online/heartbeat → 200 (1.1ms) IP=::1 UA=?
[2026-08-16 00:13:47] [INFO] dicebot: [POST] /api/online/heartbeat → 200 (1.2ms) IP=::1 UA=?
[2026-08-16 00:14:06] [INFO] dicebot.mod_loader: 加载Mod: dicebot-mod v2.1.0 — 骰娘动态掷骰Mod (FastAPI)
[2026-08-16 00:14:06] [INFO] dicebot.mod.dicebot-mod: 骰娘动态掷骰Mod 已注册 (FastAPI: http://localhost:8001)
[2026-08-16 00:14:06] [INFO] dicebot.mod.dicebot-mod:   状态: /api/mod/dicebot-mod/status
[2026-08-16 00:14:06] [INFO] dicebot.mod.dicebot-mod:   启动: POST /api/mod/dicebot-mod/start
[2026-08-16 00:14:06] [INFO] dicebot.mod.dicebot-mod:   掷骰: POST /api/mod/dicebot-mod/roll
[2026-08-16 00:14:06] [INFO] dicebot.mod_loader:   路由已注册: /api/mod/dicebot-mod
[2026-08-16 00:14:06] [INFO] dicebot.mod_loader: Mod加载成功: dicebot-mod
[2026-08-16 00:14:06] [INFO] dicebot.mod_loader: 加载Mod: example-hello v1.0.0 — 示例Mod - Hello
[2026-08-16 00:14:06] [INFO] dicebot.mod_loader:   路由已注册: /api/mod/example-hello
[2026-08-16 00:14:06] [INFO] dicebot.mod_loader: Mod加载成功: example-hello
[2026-08-16 00:14:06] [INFO] dicebot: Flask 请求日志中间件已安装
[2026-08-16 00:14:06] [INFO] dicebot: 尘封之卷 Web 服务器启动中...
[2026-08-16 00:14:07] [INFO] dicebot: 已监听 IPv6 ::1（加速 localhost 访问）
[2026-08-16 00:14:07] [INFO] dicebot: [POST] /api/online/heartbeat → 200 (1.2ms) IP=::1 UA=?
[2026-08-16 00:14:27] [INFO] dicebot: [POST] /api/online/heartbeat → 200 (1.3ms) IP=::1 UA=?
[2026-08-16 00:14:34] [INFO] dicebot: [GET] /api/auth/me → 401 (0.0ms) IP=::1 UA=?
[2026-08-16 00:14:34] [INFO] dicebot: [GET] /api/announcements → 200 (1.7ms) IP=::1 UA=?
[2026-08-16 00:14:34] [INFO] dicebot: [POST] /api/online/heartbeat → 200 (0.1ms) IP=::1 UA=?
[2026-08-16 00:14:38] [INFO] dicebot: [POST] /api/auth/login → 200 (80.8ms) IP=::1 UA=?
[2026-08-16 00:14:38] [INFO] dicebot: [POST] /api/online/leave → 200 (0.1ms) IP=::1 UA=?
[2026-08-16 00:14:38] [INFO] dicebot: [POST] /api/online/leave → 200 (0.1ms) IP=::1 UA=?
[2026-08-16 00:14:38] [INFO] dicebot: [GET] /api/auth/me → 200 (3.7ms) IP=::1 UA=?
[2026-08-16 00:14:38] [INFO] dicebot: [POST] /api/online/heartbeat → 200 (2.4ms) IP=::1 UA=?
[2026-08-16 00:14:38] [INFO] dicebot: [GET] /api/announcements → 200 (1.5ms) IP=::1 UA=?
[2026-08-16 00:14:38] [INFO] dicebot: [GET] /api/favorites → 200 (1.5ms) IP=::1 UA=?
[2026-08-16 00:14:38] [INFO] dicebot: [GET] /api/my/comments → 200 (1.9ms) IP=::1 UA=?
[2026-08-16 00:14:42] [INFO] dicebot: [POST] /api/auth/avatar → 200 (6.2ms) IP=::1 UA=?
[2026-08-16 00:14:46] [INFO] dicebot: [GET] /api/auth/me → 401 (0.0ms) IP=::1 UA=?
[2026-08-16 00:14:46] [INFO] dicebot: [GET] /api/community/boards → 200 (1.8ms) IP=::1 UA=?
[2026-08-16 00:14:46] [INFO] dicebot: [GET] /api/online/users → 200 (0.0ms) IP=::1 UA=?
[2026-08-16 00:14:46] [INFO] dicebot: [GET] /api/auth/me → 401 (0.0ms) IP=::1 UA=?
[2026-08-16 00:14:46] [INFO] dicebot: [GET] /api/topics → 200 (4.0ms) IP=::1 UA=?
[2026-08-16 00:14:46] [INFO] dicebot: [GET] /api/workshop/items → 200 (10.0ms) IP=::1 UA=?
[2026-08-16 00:14:46] [INFO] dicebot: [GET] /api/stats/overview → 200 (9.8ms) IP=::1 UA=?
[2026-08-16 00:14:46] [INFO] dicebot: [GET] /api/announcements → 200 (63.4ms) IP=::1 UA=?
[2026-08-16 00:14:46] [INFO] dicebot: [POST] /api/online/heartbeat → 200 (0.1ms) IP=::1 UA=?
[2026-08-16 00:14:47] [INFO] dicebot: [POST] /api/online/heartbeat → 200 (1.1ms) IP=::1 UA=?
[2026-08-16 00:14:50] [INFO] dicebot: [POST] /api/auth/login → 200 (80.6ms) IP=::1 UA=?
[2026-08-16 00:14:50] [INFO] dicebot: [POST] /api/online/leave → 200 (0.1ms) IP=::1 UA=?
[2026-08-16 00:14:50] [INFO] dicebot: [POST] /api/online/leave → 200 (0.1ms) IP=::1 UA=?
[2026-08-16 00:14:50] [INFO] dicebot: [GET] /api/online/users → 200 (0.0ms) IP=::1 UA=?
[2026-08-16 00:14:50] [INFO] dicebot: [GET] /api/auth/me → 200 (4.1ms) IP=::1 UA=?
[2026-08-16 00:14:50] [INFO] dicebot: [GET] /api/community/boards → 200 (5.0ms) IP=::1 UA=?
[2026-08-16 00:14:50] [INFO] dicebot: [GET] /api/topics → 200 (3.7ms) IP=::1 UA=?
[2026-08-16 00:14:50] [INFO] dicebot: [POST] /api/online/heartbeat → 200 (4.6ms) IP=::1 UA=?
[2026-08-16 00:14:50] [INFO] dicebot: [GET] /api/workshop/items → 200 (10.3ms) IP=::1 UA=?
[2026-08-16 00:14:50] [INFO] dicebot: [GET] /api/stats/overview → 200 (11.2ms) IP=::1 UA=?
[2026-08-16 00:14:50] [INFO] dicebot: [GET] /api/auth/me → 200 (6.3ms) IP=::1 UA=?
[2026-08-16 00:14:50] [INFO] dicebot: [GET] /api/announcements → 200 (44.9ms) IP=::1 UA=?
[2026-08-16 00:15:07] [INFO] dicebot: [POST] /api/online/heartbeat → 200 (1.1ms) IP=::1 UA=?
[2026-08-16 00:15:27] [INFO] dicebot: [POST] /api/online/heartbeat → 200 (1.0ms) IP=::1 UA=?
[2026-08-16 00:15:33] [INFO] dicebot: [DELETE] /api/auth/avatar → 200 (5.8ms) IP=::1 UA=?
[2026-08-16 00:15:36] [INFO] dicebot: [POST] /api/online/leave → 200 (0.1ms) IP=::1 UA=?
[2026-08-16 00:15:36] [INFO] dicebot: [POST] /api/online/leave → 200 (0.1ms) IP=::1 UA=?
[2026-08-16 00:15:36] [INFO] dicebot: [GET] /api/auth/me → 200 (3.4ms) IP=::1 UA=?
[2026-08-16 00:15:36] [INFO] dicebot: [GET] /api/community/boards → 200 (2.4ms) IP=::1 UA=?
[2026-08-16 00:15:36] [INFO] dicebot: [GET] /api/online/users → 200 (0.0ms) IP=::1 UA=?
[2026-08-16 00:15:36] [INFO] dicebot: [GET] /api/topics → 200 (3.3ms) IP=::1 UA=?
[2026-08-16 00:15:36] [INFO] dicebot: [GET] /api/workshop/items → 200 (12.3ms) IP=::1 UA=?
[2026-08-16 00:15:36] [INFO] dicebot: [GET] /api/auth/me → 200 (5.0ms) IP=::1 UA=?
[2026-08-16 00:15:36] [INFO] dicebot: [GET] /api/stats/overview → 200 (13.3ms) IP=::1 UA=?
[2026-08-16 00:15:36] [INFO] dicebot: [GET] /api/announcements → 200 (4.9ms) IP=::1 UA=?
[2026-08-16 00:15:36] [INFO] dicebot: [POST] /api/online/heartbeat → 200 (1.6ms) IP=::1 UA=?
[2026-08-16 00:15:38] [INFO] dicebot: [GET] /api/auth/me → 200 (2.3ms) IP=::1 UA=?
[2026-08-16 00:15:38] [INFO] dicebot: [POST] /api/online/leave → 200 (0.2ms) IP=::1 UA=?
[2026-08-16 00:15:38] [INFO] dicebot: [POST] /api/online/leave → 200 (0.1ms) IP=::1 UA=?
[2026-08-16 00:15:39] [INFO] dicebot: [GET] /api/auth/me → 200 (3.9ms) IP=::1 UA=?
[2026-08-16 00:15:39] [INFO] dicebot: [POST] /api/online/heartbeat → 200 (2.5ms) IP=::1 UA=?
[2026-08-16 00:15:39] [INFO] dicebot: [GET] /api/north/load → 200 (8.1ms) IP=::1 UA=?
[2026-08-16 00:15:39] [INFO] dicebot: [GET] /api/auth/me → 200 (2.8ms) IP=::1 UA=?
[2026-08-16 00:15:39] [INFO] dicebot: [GET] /api/north/load → 200 (7.0ms) IP=::1 UA=?
[2026-08-16 00:15:39] [INFO] dicebot: [GET] /api/north/load → 200 (5.7ms) IP=::1 UA=?
[2026-08-16 00:15:41] [INFO] dicebot: [GET] /api/tavern/chat/messages → 200 (0.0ms) IP=::1 UA=?
[2026-08-16 00:15:41] [INFO] dicebot: [GET] /api/tavern/chat/messages → 200 (0.0ms) IP=::1 UA=?
[2026-08-16 00:15:41] [INFO] dicebot: [POST] /api/north/save → 200 (12.9ms) IP=::1 UA=?
[2026-08-16 00:15:43] [INFO] dicebot: [GET] /api/tavern/chat/messages → 200 (0.1ms) IP=::1 UA=?
[2026-08-16 00:15:43] [INFO] dicebot: [GET] /api/tavern/chat/messages → 200 (0.0ms) IP=::1 UA=?
[2026-08-16 00:15:45] [INFO] dicebot: [GET] /api/tavern/chat/messages → 200 (0.0ms) IP=::1 UA=?
[2026-08-16 00:15:45] [INFO] dicebot: [GET] /api/tavern/chat/messages → 200 (0.1ms) IP=::1 UA=?
[2026-08-16 00:15:47] [INFO] dicebot: [GET] /api/tavern/chat/messages → 200 (0.1ms) IP=::1 UA=?
[2026-08-16 00:15:47] [INFO] dicebot: [GET] /api/tavern/chat/messages → 200 (0.1ms) IP=::1 UA=?
[2026-08-16 00:15:49] [INFO] dicebot: [GET] /api/tavern/chat/messages → 200 (0.0ms) IP=::1 UA=?
[2026-08-16 00:15:49] [INFO] dicebot: [GET] /api/tavern/chat/messages → 200 (0.0ms) IP=::1 UA=?
[2026-08-16 00:15:51] [INFO] dicebot: [GET] /api/tavern/chat/messages → 200 (0.0ms) IP=::1 UA=?
[2026-08-16 00:15:51] [INFO] dicebot: [GET] /api/tavern/chat/messages → 200 (0.0ms) IP=::1 UA=?
[2026-08-16 00:15:53] [INFO] dicebot: [GET] /api/tavern/chat/messages → 200 (0.0ms) IP=::1 UA=?
[2026-08-16 00:15:53] [INFO] dicebot: [GET] /api/tavern/chat/messages → 200 (0.1ms) IP=::1 UA=?
[2026-08-16 00:15:55] [INFO] dicebot: [GET] /api/tavern/chat/messages → 200 (0.0ms) IP=::1 UA=?
[2026-08-16 00:15:55] [INFO] dicebot: [GET] /api/tavern/chat/messages → 200 (0.0ms) IP=::1 UA=?
[2026-08-16 00:15:57] [INFO] dicebot: [GET] /api/tavern/chat/messages → 200 (0.1ms) IP=::1 UA=?
[2026-08-16 00:15:57] [INFO] dicebot: [GET] /api/tavern/chat/messages → 200 (0.0ms) IP=::1 UA=?
[2026-08-16 00:15:57] [INFO] dicebot: [GET] /api/tavern/chat/messages → 200 (0.0ms) IP=::1 UA=?
[2026-08-16 00:15:59] [INFO] dicebot: [GET] /api/tavern/chat/messages → 200 (0.1ms) IP=::1 UA=?
[2026-08-16 00:15:59] [INFO] dicebot: [POST] /api/online/heartbeat → 200 (1.3ms) IP=::1 UA=?
[2026-08-16 00:15:59] [INFO] dicebot: [GET] /api/tavern/chat/messages → 200 (0.0ms) IP=::1 UA=?
[2026-08-16 00:15:59] [INFO] dicebot: [GET] /api/auth/me → 401 (0.0ms) IP=::1 UA=?
[2026-08-16 00:15:59] [INFO] dicebot: [GET] /api/announcements → 200 (1.8ms) IP=::1 UA=?
[2026-08-16 00:15:59] [INFO] dicebot: [POST] /api/online/heartbeat → 200 (0.1ms) IP=::1 UA=?
[2026-08-16 00:16:01] [INFO] dicebot: [GET] /api/tavern/chat/messages → 200 (0.0ms) IP=::1 UA=?
[2026-08-16 00:16:01] [INFO] dicebot: [GET] /api/tavern/chat/messages → 200 (0.0ms) IP=::1 UA=?
[2026-08-16 00:16:03] [INFO] dicebot: [GET] /api/tavern/chat/messages → 200 (0.0ms) IP=::1 UA=?
[2026-08-16 00:16:03] [INFO] dicebot: [GET] /api/tavern/chat/messages → 200 (0.1ms) IP=::1 UA=?
[2026-08-16 00:16:03] [INFO] dicebot: [POST] /api/auth/login → 200 (81.8ms) IP=::1 UA=?
[2026-08-16 00:16:03] [INFO] dicebot: [POST] /api/online/leave → 200 (0.1ms) IP=::1 UA=?
[2026-08-16 00:16:04] [INFO] dicebot: [POST] /api/online/leave → 200 (0.1ms) IP=::1 UA=?
[2026-08-16 00:16:04] [INFO] dicebot: [POST] /api/online/heartbeat → 200 (1.7ms) IP=::1 UA=?
[2026-08-16 00:16:04] [INFO] dicebot: [GET] /api/announcements → 200 (2.5ms) IP=::1 UA=?
[2026-08-16 00:16:04] [INFO] dicebot: [GET] /api/auth/me → 200 (3.4ms) IP=::1 UA=?
[2026-08-16 00:16:04] [INFO] dicebot: [GET] /api/my/comments → 200 (2.3ms) IP=::1 UA=?
[2026-08-16 00:16:04] [INFO] dicebot: [GET] /api/favorites → 200 (4.4ms) IP=::1 UA=?
[2026-08-16 00:16:05] [INFO] dicebot: [GET] /api/tavern/chat/messages → 200 (0.0ms) IP=::1 UA=?
[2026-08-16 00:16:05] [INFO] dicebot: [GET] /api/tavern/chat/messages → 200 (0.0ms) IP=::1 UA=?
[2026-08-16 00:16:07] [INFO] dicebot: [GET] /api/tavern/chat/messages → 200 (0.1ms) IP=::1 UA=?
[2026-08-16 00:16:07] [INFO] dicebot: [GET] /api/tavern/chat/messages → 200 (0.0ms) IP=::1 UA=?
[2026-08-16 00:16:09] [INFO] dicebot: [GET] /api/tavern/chat/messages → 200 (0.0ms) IP=::1 UA=?
[2026-08-16 00:16:09] [INFO] dicebot: [GET] /api/tavern/chat/messages → 200 (0.0ms) IP=::1 UA=?
[2026-08-16 00:16:09] [INFO] dicebot: [POST] /api/north/save → 200 (5.9ms) IP=::1 UA=?
[2026-08-16 00:16:10] [INFO] dicebot: [POST] /api/auth/avatar → 200 (6.1ms) IP=::1 UA=?
[2026-08-16 00:16:11] [INFO] dicebot: [GET] /api/tavern/chat/messages → 200 (0.1ms) IP=::1 UA=?
[2026-08-16 00:16:11] [INFO] dicebot: [GET] /api/tavern/chat/messages → 200 (0.0ms) IP=::1 UA=?
[2026-08-16 00:16:13] [INFO] dicebot: [GET] /api/tavern/chat/messages → 200 (0.1ms) IP=::1 UA=?
[2026-08-16 00:16:13] [INFO] dicebot: [GET] /api/tavern/chat/messages → 200 (0.0ms) IP=::1 UA=?
[2026-08-16 00:16:15] [INFO] dicebot: [GET] /api/tavern/chat/messages → 200 (0.0ms) IP=::1 UA=?
[2026-08-16 00:16:15] [INFO] dicebot: [GET] /api/tavern/chat/messages → 200 (0.0ms) IP=::1 UA=?
[2026-08-16 00:16:17] [INFO] dicebot: [GET] /api/tavern/chat/messages → 200 (0.1ms) IP=::1 UA=?
[2026-08-16 00:16:17] [INFO] dicebot: [GET] /api/tavern/chat/messages → 200 (0.0ms) IP=::1 UA=?
[2026-08-16 00:16:19] [INFO] dicebot: [GET] /api/tavern/chat/messages → 200 (0.1ms) IP=::1 UA=?
[2026-08-16 00:16:19] [INFO] dicebot: [POST] /api/online/heartbeat → 200 (1.4ms) IP=::1 UA=?
[2026-08-16 00:16:19] [INFO] dicebot: [GET] /api/tavern/chat/messages → 200 (0.0ms) IP=::1 UA=?
[2026-08-16 00:16:21] [INFO] dicebot: [GET] /api/tavern/chat/messages → 200 (0.0ms) IP=::1 UA=?
[2026-08-16 00:16:21] [INFO] dicebot: [GET] /api/tavern/chat/messages → 200 (0.0ms) IP=::1 UA=?
[2026-08-16 00:16:23] [INFO] dicebot: [GET] /api/tavern/chat/messages → 200 (0.1ms) IP=::1 UA=?
[2026-08-16 00:16:23] [INFO] dicebot: [GET] /api/tavern/chat/messages → 200 (0.1ms) IP=::1 UA=?
[2026-08-16 00:16:25] [INFO] dicebot: [GET] /api/tavern/chat/messages → 200 (0.1ms) IP=::1 UA=?
[2026-08-16 00:16:25] [INFO] dicebot: [GET] /api/tavern/chat/messages → 200 (0.1ms) IP=::1 UA=?
[2026-08-16 00:16:27] [INFO] dicebot: [GET] /api/tavern/chat/messages → 200 (0.1ms) IP=::1 UA=?
[2026-08-16 00:16:27] [INFO] dicebot: [GET] /api/tavern/chat/messages → 200 (0.1ms) IP=::1 UA=?
[2026-08-16 00:16:29] [INFO] dicebot: [GET] /api/tavern/chat/messages → 200 (0.1ms) IP=::1 UA=?
[2026-08-16 00:16:29] [INFO] dicebot: [GET] /api/tavern/chat/messages → 200 (0.1ms) IP=::1 UA=?
[2026-08-16 00:16:31] [INFO] dicebot: [GET] /api/tavern/chat/messages → 200 (0.1ms) IP=::1 UA=?
[2026-08-16 00:16:31] [INFO] dicebot: [GET] /api/tavern/chat/messages → 200 (0.0ms) IP=::1 UA=?
[2026-08-16 00:16:33] [INFO] dicebot: [GET] /api/tavern/chat/messages → 200 (0.1ms) IP=::1 UA=?
[2026-08-16 00:16:33] [INFO] dicebot: [GET] /api/tavern/chat/messages → 200 (0.1ms) IP=::1 UA=?
[2026-08-16 00:16:35] [INFO] dicebot: [GET] /api/tavern/chat/messages → 200 (0.1ms) IP=::1 UA=?
[2026-08-16 00:16:35] [INFO] dicebot: [GET] /api/tavern/chat/messages → 200 (0.1ms) IP=::1 UA=?
[2026-08-16 00:16:37] [INFO] dicebot: [GET] /api/tavern/chat/messages → 200 (0.0ms) IP=::1 UA=?
[2026-08-16 00:16:37] [INFO] dicebot: [GET] /api/tavern/chat/messages → 200 (0.0ms) IP=::1 UA=?
[2026-08-16 00:16:38] [INFO] dicebot: [GET] /api/auth/me → 401 (0.1ms) IP=::1 UA=?
[2026-08-16 00:16:38] [INFO] dicebot: [GET] /api/announcements → 200 (1.4ms) IP=::1 UA=?
[2026-08-16 00:16:39] [INFO] dicebot: [GET] /api/tavern/chat/messages → 200 (0.1ms) IP=::1 UA=?
[2026-08-16 00:16:39] [INFO] dicebot: [POST] /api/online/heartbeat → 200 (1.8ms) IP=::1 UA=?
[2026-08-16 00:16:39] [INFO] dicebot: [POST] /api/north/save → 200 (6.9ms) IP=::1 UA=?
[2026-08-16 00:16:39] [INFO] dicebot: [GET] /api/tavern/chat/messages → 200 (0.0ms) IP=::1 UA=?
[2026-08-16 00:16:39] [INFO] dicebot: [POST] /api/online/heartbeat → 200 (0.1ms) IP=::1 UA=?
[2026-08-16 00:16:41] [INFO] dicebot: [GET] /api/tavern/chat/messages → 200 (0.0ms) IP=::1 UA=?
[2026-08-16 00:16:41] [INFO] dicebot: [GET] /api/tavern/chat/messages → 200 (0.1ms) IP=::1 UA=?
[2026-08-16 00:16:43] [INFO] dicebot: [GET] /api/tavern/chat/messages → 200 (0.1ms) IP=::1 UA=?
[2026-08-16 00:16:43] [INFO] dicebot: [GET] /api/tavern/chat/messages → 200 (0.0ms) IP=::1 UA=?
[2026-08-16 00:16:43] [INFO] dicebot: [POST] /api/auth/login → 200 (81.1ms) IP=::1 UA=?
[2026-08-16 00:16:43] [INFO] dicebot: [POST] /api/online/leave → 200 (0.1ms) IP=::1 UA=?
[2026-08-16 00:16:43] [INFO] dicebot: [POST] /api/online/leave → 200 (0.1ms) IP=::1 UA=?
[2026-08-16 00:16:43] [INFO] dicebot: [POST] /api/online/heartbeat → 200 (2.1ms) IP=::1 UA=?
[2026-08-16 00:16:43] [INFO] dicebot: [GET] /api/announcements → 200 (2.0ms) IP=::1 UA=?
[2026-08-16 00:16:43] [INFO] dicebot: [GET] /api/auth/me → 200 (3.3ms) IP=::1 UA=?
[2026-08-16 00:16:43] [INFO] dicebot: [GET] /api/favorites → 200 (2.3ms) IP=::1 UA=?
[2026-08-16 00:16:43] [INFO] dicebot: [GET] /api/my/comments → 200 (2.1ms) IP=::1 UA=?
[2026-08-16 00:16:45] [INFO] dicebot: [GET] /api/tavern/chat/messages → 200 (0.0ms) IP=::1 UA=?
[2026-08-16 00:16:45] [INFO] dicebot: [GET] /api/tavern/chat/messages → 200 (0.0ms) IP=::1 UA=?
[2026-08-16 00:16:47] [INFO] dicebot: [GET] /api/tavern/chat/messages → 200 (0.0ms) IP=::1 UA=?
[2026-08-16 00:16:47] [INFO] dicebot: [GET] /api/tavern/chat/messages → 200 (0.0ms) IP=::1 UA=?
[2026-08-16 00:16:49] [INFO] dicebot: [GET] /api/tavern/chat/messages → 200 (0.0ms) IP=::1 UA=?
[2026-08-16 00:16:49] [INFO] dicebot: [GET] /api/tavern/chat/messages → 200 (0.1ms) IP=::1 UA=?
[2026-08-16 00:16:49] [INFO] dicebot: [POST] /api/auth/avatar → 200 (5.4ms) IP=::1 UA=?
[2026-08-16 00:16:51] [INFO] dicebot: [GET] /api/tavern/chat/messages → 200 (0.1ms) IP=::1 UA=?
[2026-08-16 00:16:51] [INFO] dicebot: [GET] /api/tavern/chat/messages → 200 (0.0ms) IP=::1 UA=?
[2026-08-16 00:16:53] [INFO] dicebot: [GET] /api/tavern/chat/messages → 200 (0.0ms) IP=::1 UA=?
[2026-08-16 00:16:53] [INFO] dicebot: [GET] /api/tavern/chat/messages → 200 (0.0ms) IP=::1 UA=?
[2026-08-16 00:16:53] [INFO] dicebot: [GET] /api/auth/me → 401 (0.0ms) IP=::1 UA=?
[2026-08-16 00:16:53] [INFO] dicebot: [GET] /api/online/users → 200 (0.1ms) IP=::1 UA=?
[2026-08-16 00:16:53] [INFO] dicebot: [GET] /api/auth/me → 401 (0.0ms) IP=::1 UA=?
[2026-08-16 00:16:53] [INFO] dicebot: [GET] /api/community/boards → 200 (6.4ms) IP=::1 UA=?
[2026-08-16 00:16:53] [INFO] dicebot: [GET] /api/announcements → 200 (2.1ms) IP=::1 UA=?
[2026-08-16 00:16:53] [INFO] dicebot: [GET] /api/topics → 200 (4.8ms) IP=::1 UA=?
[2026-08-16 00:16:53] [INFO] dicebot: [GET] /api/stats/overview → 200 (13.0ms) IP=::1 UA=?
[2026-08-16 00:16:53] [INFO] dicebot: [GET] /api/workshop/items → 200 (13.6ms) IP=::1 UA=?
[2026-08-16 00:16:53] [INFO] dicebot: [POST] /api/online/heartbeat → 200 (0.1ms) IP=::1 UA=?
[2026-08-16 00:16:55] [INFO] dicebot: [GET] /api/tavern/chat/messages → 200 (0.1ms) IP=::1 UA=?
[2026-08-16 00:16:55] [INFO] dicebot: [GET] /api/tavern/chat/messages → 200 (0.1ms) IP=::1 UA=?
[2026-08-16 00:16:57] [INFO] dicebot: [GET] /api/tavern/chat/messages → 200 (0.1ms) IP=::1 UA=?
[2026-08-16 00:16:57] [INFO] dicebot: [GET] /api/tavern/chat/messages → 200 (0.1ms) IP=::1 UA=?
[2026-08-16 00:16:57] [INFO] dicebot: [POST] /api/auth/login → 200 (82.0ms) IP=::1 UA=?
[2026-08-16 00:16:57] [INFO] dicebot: [POST] /api/online/leave → 200 (0.4ms) IP=::1 UA=?
[2026-08-16 00:16:57] [INFO] dicebot: [POST] /api/online/leave → 200 (0.1ms) IP=::1 UA=?
[2026-08-16 00:16:57] [INFO] dicebot: [GET] /api/auth/me → 200 (3.8ms) IP=::1 UA=?
[2026-08-16 00:16:57] [INFO] dicebot: [GET] /api/online/users → 200 (0.0ms) IP=::1 UA=?
[2026-08-16 00:16:57] [INFO] dicebot: [GET] /api/community/boards → 200 (4.5ms) IP=::1 UA=?
[2026-08-16 00:16:57] [INFO] dicebot: [GET] /api/topics → 200 (4.1ms) IP=::1 UA=?
[2026-08-16 00:16:57] [INFO] dicebot: [POST] /api/online/heartbeat → 200 (3.2ms) IP=::1 UA=?
[2026-08-16 00:16:57] [INFO] dicebot: [GET] /api/workshop/items → 200 (7.5ms) IP=::1 UA=?
[2026-08-16 00:16:57] [INFO] dicebot: [GET] /api/announcements → 200 (3.3ms) IP=::1 UA=?
[2026-08-16 00:16:57] [INFO] dicebot: [GET] /api/stats/overview → 200 (8.5ms) IP=::1 UA=?
[2026-08-16 00:16:58] [INFO] dicebot: [GET] /api/auth/me → 200 (62.1ms) IP=::1 UA=?
[2026-08-16 00:16:59] [INFO] dicebot: [GET] /api/tavern/chat/messages → 200 (0.0ms) IP=::1 UA=?
[2026-08-16 00:16:59] [INFO] dicebot: [POST] /api/online/heartbeat → 200 (1.6ms) IP=::1 UA=?
[2026-08-16 00:16:59] [INFO] dicebot: [GET] /api/tavern/chat/messages → 200 (0.0ms) IP=::1 UA=?
[2026-08-16 00:17:01] [INFO] dicebot: [GET] /api/tavern/chat/messages → 200 (0.0ms) IP=::1 UA=?
[2026-08-16 00:17:01] [INFO] dicebot: [GET] /api/tavern/chat/messages → 200 (0.0ms) IP=::1 UA=?
[2026-08-16 00:17:03] [INFO] dicebot: [GET] /api/tavern/chat/messages → 200 (0.0ms) IP=::1 UA=?
[2026-08-16 00:17:03] [INFO] dicebot: [GET] /api/tavern/chat/messages → 200 (0.0ms) IP=::1 UA=?
[2026-08-16 00:17:05] [INFO] dicebot: [GET] /api/tavern/chat/messages → 200 (0.0ms) IP=::1 UA=?
[2026-08-16 00:17:05] [INFO] dicebot: [GET] /api/tavern/chat/messages → 200 (0.0ms) IP=::1 UA=?
[2026-08-16 00:17:07] [INFO] dicebot: [GET] /api/tavern/chat/messages → 200 (0.1ms) IP=::1 UA=?
[2026-08-16 00:17:07] [INFO] dicebot: [GET] /api/tavern/chat/messages → 200 (0.0ms) IP=::1 UA=?
[2026-08-16 00:17:09] [INFO] dicebot: [GET] /api/tavern/chat/messages → 200 (0.0ms) IP=::1 UA=?
[2026-08-16 00:17:09] [INFO] dicebot: [GET] /api/tavern/chat/messages → 200 (0.1ms) IP=::1 UA=?
[2026-08-16 00:17:09] [INFO] dicebot: [POST] /api/north/save → 200 (6.2ms) IP=::1 UA=?
[2026-08-16 00:17:11] [INFO] dicebot: [GET] /api/tavern/chat/messages → 200 (0.0ms) IP=::1 UA=?
[2026-08-16 00:17:11] [INFO] dicebot: [GET] /api/tavern/chat/messages → 200 (0.0ms) IP=::1 UA=?
[2026-08-16 00:17:13] [INFO] dicebot: [GET] /api/tavern/chat/messages → 200 (0.0ms) IP=::1 UA=?
[2026-08-16 00:17:13] [INFO] dicebot: [GET] /api/tavern/chat/messages → 200 (0.1ms) IP=::1 UA=?
[2026-08-16 00:17:15] [INFO] dicebot: [GET] /api/tavern/chat/messages → 200 (0.0ms) IP=::1 UA=?
[2026-08-16 00:17:15] [INFO] dicebot: [GET] /api/tavern/chat/messages → 200 (0.1ms) IP=::1 UA=?
[2026-08-16 00:17:17] [INFO] dicebot: [GET] /api/tavern/chat/messages → 200 (0.1ms) IP=::1 UA=?
[2026-08-16 00:17:17] [INFO] dicebot: [GET] /api/tavern/chat/messages → 200 (0.1ms) IP=::1 UA=?
[2026-08-16 00:17:19] [INFO] dicebot: [GET] /api/tavern/chat/messages → 200 (0.0ms) IP=::1 UA=?
[2026-08-16 00:17:19] [INFO] dicebot: [POST] /api/online/heartbeat → 200 (1.4ms) IP=::1 UA=?
[2026-08-16 00:17:19] [INFO] dicebot: [GET] /api/tavern/chat/messages → 200 (0.0ms) IP=::1 UA=?
[2026-08-16 00:17:21] [INFO] dicebot: [GET] /api/tavern/chat/messages → 200 (0.1ms) IP=::1 UA=?
[2026-08-16 00:17:21] [INFO] dicebot: [GET] /api/tavern/chat/messages → 200 (0.0ms) IP=::1 UA=?
[2026-08-16 00:17:23] [INFO] dicebot: [GET] /api/tavern/chat/messages → 200 (0.0ms) IP=::1 UA=?
[2026-08-16 00:17:23] [INFO] dicebot: [GET] /api/tavern/chat/messages → 200 (0.1ms) IP=::1 UA=?
[2026-08-16 00:17:25] [INFO] dicebot: [GET] /api/tavern/chat/messages → 200 (0.1ms) IP=::1 UA=?
[2026-08-16 00:17:25] [INFO] dicebot: [GET] /api/tavern/chat/messages → 200 (0.0ms) IP=::1 UA=?
[2026-08-16 00:17:27] [INFO] dicebot: [GET] /api/tavern/chat/messages → 200 (0.0ms) IP=::1 UA=?
[2026-08-16 00:17:27] [INFO] dicebot: [GET] /api/tavern/chat/messages → 200 (0.0ms) IP=::1 UA=?
[2026-08-16 00:17:29] [INFO] dicebot: [GET] /api/tavern/chat/messages → 200 (0.0ms) IP=::1 UA=?
[2026-08-16 00:17:29] [INFO] dicebot: [GET] /api/tavern/chat/messages → 200 (0.0ms) IP=::1 UA=?
[2026-08-16 00:17:59] [INFO] dicebot.mod_loader: 加载Mod: dicebot-mod v2.1.0 — 骰娘动态掷骰Mod (FastAPI)
[2026-08-16 00:17:59] [INFO] dicebot.mod.dicebot-mod: 骰娘动态掷骰Mod 已注册 (FastAPI: http://localhost:8001)
[2026-08-16 00:17:59] [INFO] dicebot.mod.dicebot-mod:   状态: /api/mod/dicebot-mod/status
[2026-08-16 00:17:59] [INFO] dicebot.mod.dicebot-mod:   启动: POST /api/mod/dicebot-mod/start
[2026-08-16 00:17:59] [INFO] dicebot.mod.dicebot-mod:   掷骰: POST /api/mod/dicebot-mod/roll
[2026-08-16 00:17:59] [INFO] dicebot.mod_loader:   路由已注册: /api/mod/dicebot-mod
[2026-08-16 00:17:59] [INFO] dicebot.mod_loader: Mod加载成功: dicebot-mod
[2026-08-16 00:17:59] [INFO] dicebot.mod_loader: 加载Mod: example-hello v1.0.0 — 示例Mod - Hello
[2026-08-16 00:17:59] [INFO] dicebot.mod_loader:   路由已注册: /api/mod/example-hello
[2026-08-16 00:17:59] [INFO] dicebot.mod_loader: Mod加载成功: example-hello
[2026-08-16 00:17:59] [INFO] dicebot: Flask 请求日志中间件已安装
[2026-08-16 00:17:59] [INFO] dicebot: 尘封之卷 Web 服务器启动中...
[2026-08-16 00:18:00] [INFO] dicebot: 已监听 IPv6 ::1（加速 localhost 访问）
[2026-08-16 00:18:03] [INFO] dicebot: [GET] /api/online/users → 200 (0.0ms) IP=::1 UA=?
[2026-08-16 00:18:03] [INFO] dicebot: [GET] /api/auth/me → 200 (12.8ms) IP=::1 UA=?
[2026-08-16 00:18:03] [INFO] dicebot: [GET] /api/auth/me → 200 (3.3ms) IP=::1 UA=?
[2026-08-16 00:18:03] [INFO] dicebot: [GET] /api/community/boards → 200 (81.1ms) IP=::1 UA=?
[2026-08-16 00:18:03] [INFO] dicebot: [GET] /api/topics → 200 (79.0ms) IP=::1 UA=?
[2026-08-16 00:18:03] [INFO] dicebot: [GET] /api/stats/overview → 200 (85.8ms) IP=::1 UA=?
[2026-08-16 00:18:03] [INFO] dicebot: [GET] /api/workshop/items → 200 (90.9ms) IP=::1 UA=?
[2026-08-16 00:18:03] [INFO] dicebot: [GET] /api/announcements → 200 (2.6ms) IP=::1 UA=?
[2026-08-16 00:18:03] [INFO] dicebot: [POST] /api/online/heartbeat → 200 (6.6ms) IP=::1 UA=?
[2026-08-16 00:18:06] [INFO] dicebot: [POST] /api/online/leave → 200 (0.3ms) IP=::1 UA=?
[2026-08-16 00:18:06] [INFO] dicebot: [POST] /api/online/leave → 200 (0.3ms) IP=::1 UA=?
[2026-08-16 00:18:06] [INFO] dicebot: [GET] /api/auth/me → 200 (8.5ms) IP=::1 UA=?
[2026-08-16 00:18:06] [INFO] dicebot: [GET] /api/announcements → 200 (2.5ms) IP=::1 UA=?
[2026-08-16 00:18:06] [INFO] dicebot: [POST] /api/online/heartbeat → 200 (1.7ms) IP=::1 UA=?
[2026-08-16 00:18:06] [INFO] dicebot: [GET] /api/favorites → 200 (4.6ms) IP=::1 UA=?
[2026-08-16 00:18:06] [INFO] dicebot: [GET] /api/my/comments → 200 (5.8ms) IP=::1 UA=?
[2026-08-16 00:18:14] [INFO] dicebot: [POST] /api/auth/avatar → 200 (18.0ms) IP=::1 UA=?
[2026-08-16 00:18:26] [INFO] dicebot: [POST] /api/online/heartbeat → 200 (1.5ms) IP=::1 UA=?
[2026-08-16 00:18:46] [INFO] dicebot: [POST] /api/online/heartbeat → 200 (1.3ms) IP=::1 UA=?
[2026-08-16 00:18:51] [INFO] dicebot: [POST] /api/online/leave → 200 (0.1ms) IP=::1 UA=?
[2026-08-16 00:18:51] [INFO] dicebot: [POST] /api/online/leave → 200 (0.1ms) IP=::1 UA=?
[2026-08-16 00:18:54] [INFO] dicebot: [POST] /api/online/heartbeat → 200 (1.6ms) IP=::1 UA=?
[2026-08-16 00:18:54] [INFO] dicebot: [GET] /api/favorites → 200 (3.5ms) IP=::1 UA=?
[2026-08-16 00:18:54] [INFO] dicebot: [GET] /api/my/comments → 200 (1.8ms) IP=::1 UA=?
[2026-08-16 00:18:56] [INFO] dicebot: [POST] /api/online/leave → 200 (0.1ms) IP=::1 UA=?
[2026-08-16 00:18:56] [INFO] dicebot: [POST] /api/online/leave → 200 (0.3ms) IP=::1 UA=?
[2026-08-16 00:18:56] [INFO] dicebot: [GET] /api/online/users → 200 (0.0ms) IP=::1 UA=?
[2026-08-16 00:18:56] [INFO] dicebot: [GET] /api/community/boards → 200 (5.1ms) IP=::1 UA=?
[2026-08-16 00:18:56] [INFO] dicebot: [GET] /api/auth/me → 200 (8.2ms) IP=::1 UA=?
[2026-08-16 00:18:56] [INFO] dicebot: [GET] /api/workshop/items → 200 (5.8ms) IP=::1 UA=?
[2026-08-16 00:18:56] [INFO] dicebot: [GET] /api/topics → 200 (3.1ms) IP=::1 UA=?
[2026-08-16 00:18:56] [INFO] dicebot: [GET] /api/announcements → 200 (2.0ms) IP=::1 UA=?
[2026-08-16 00:18:56] [INFO] dicebot: [POST] /api/online/heartbeat → 200 (2.8ms) IP=::1 UA=?
[2026-08-16 00:18:56] [INFO] dicebot: [GET] /api/auth/me → 200 (4.8ms) IP=::1 UA=?
[2026-08-16 00:18:56] [INFO] dicebot: [GET] /api/stats/overview → 200 (66.3ms) IP=::1 UA=?
[2026-08-16 00:18:58] [INFO] dicebot: [POST] /api/online/leave → 200 (0.1ms) IP=::1 UA=?
[2026-08-16 00:18:58] [INFO] dicebot: [POST] /api/online/leave → 200 (0.1ms) IP=::1 UA=?
[2026-08-16 00:18:58] [INFO] dicebot: [GET] /api/auth/me → 200 (2.8ms) IP=::1 UA=?
[2026-08-16 00:18:58] [INFO] dicebot: [POST] /api/online/heartbeat → 200 (2.0ms) IP=::1 UA=?
[2026-08-16 00:18:58] [INFO] dicebot: [GET] /api/announcements → 200 (1.1ms) IP=::1 UA=?
[2026-08-16 00:18:58] [INFO] dicebot: [GET] /api/my/comments → 200 (2.0ms) IP=::1 UA=?
[2026-08-16 00:18:58] [INFO] dicebot: [GET] /api/favorites → 200 (4.9ms) IP=::1 UA=?
[2026-08-16 00:18:58] [INFO] dicebot: [POST] /api/online/leave → 200 (0.4ms) IP=::1 UA=?
[2026-08-16 00:18:58] [INFO] dicebot: [POST] /api/online/leave → 200 (0.1ms) IP=::1 UA=?
[2026-08-16 00:19:29] [INFO] dicebot: [POST] /api/online/heartbeat → 200 (1.5ms) IP=::1 UA=?
[2026-08-16 00:19:30] [INFO] dicebot: [POST] /api/online/leave → 200 (0.1ms) IP=::1 UA=?
[2026-08-16 00:19:30] [INFO] dicebot: [POST] /api/online/leave → 200 (0.1ms) IP=::1 UA=?
[2026-08-16 00:19:30] [INFO] dicebot: [GET] /api/online/users → 200 (0.0ms) IP=::1 UA=?
[2026-08-16 00:19:30] [INFO] dicebot: [GET] /api/auth/me → 200 (3.7ms) IP=::1 UA=?
[2026-08-16 00:19:30] [INFO] dicebot: [GET] /api/community/boards → 200 (2.9ms) IP=::1 UA=?
[2026-08-16 00:19:30] [INFO] dicebot: [GET] /api/workshop/items → 200 (5.6ms) IP=::1 UA=?
[2026-08-16 00:19:30] [INFO] dicebot: [GET] /api/topics → 200 (3.4ms) IP=::1 UA=?
[2026-08-16 00:19:30] [INFO] dicebot: [GET] /api/announcements → 200 (1.4ms) IP=::1 UA=?
[2026-08-16 00:19:30] [INFO] dicebot: [GET] /api/stats/overview → 200 (9.4ms) IP=::1 UA=?
[2026-08-16 00:19:30] [INFO] dicebot: [GET] /api/auth/me → 200 (3.0ms) IP=::1 UA=?
[2026-08-16 00:19:30] [INFO] dicebot: [POST] /api/online/heartbeat → 200 (1.5ms) IP=::1 UA=?
[2026-08-16 00:19:33] [INFO] dicebot: [GET] /api/auth/me → 200 (2.4ms) IP=::1 UA=?
[2026-08-16 00:19:33] [INFO] dicebot: [POST] /api/online/leave → 200 (0.1ms) IP=::1 UA=?
[2026-08-16 00:19:33] [INFO] dicebot: [POST] /api/online/leave → 200 (0.1ms) IP=::1 UA=?
[2026-08-16 00:19:33] [INFO] dicebot: [GET] /api/characters → 200 (0.0ms) IP=::1 UA=?
[2026-08-16 00:19:33] [INFO] dicebot: [GET] /api/dm-status → 200 (0.1ms) IP=::1 UA=?
[2026-08-16 00:19:33] [INFO] dicebot: [GET] /api/auth/me → 200 (4.2ms) IP=::1 UA=?
[2026-08-16 00:19:33] [INFO] dicebot: [POST] /api/online/heartbeat → 200 (1.4ms) IP=::1 UA=?
[2026-08-16 00:19:34] [INFO] dicebot: [POST] /api/room/join → 200 (0.1ms) IP=::1 UA=?
[2026-08-16 00:19:34] [INFO] dicebot: [GET] /api/characters → 200 (147.4ms) IP=::1 UA=?
[2026-08-16 00:19:35] [INFO] dicebot: [GET] /api/events/notifications → 200 (0.1ms) IP=::1 UA=?
[2026-08-16 00:19:35] [INFO] dicebot: [POST] /api/online/leave → 200 (0.2ms) IP=::1 UA=?
[2026-08-16 00:19:35] [INFO] dicebot: [POST] /api/online/leave → 200 (0.1ms) IP=::1 UA=?
[2026-08-16 00:19:35] [INFO] dicebot: [GET] /api/chat/messages → 200 (0.1ms) IP=::1 UA=?
[2026-08-16 00:19:35] [INFO] dicebot: [POST] /api/online/heartbeat → 200 (1.3ms) IP=::1 UA=?
[2026-08-16 00:19:35] [INFO] dicebot: [POST] /api/room/heartbeat → 200 (0.1ms) IP=::1 UA=?
[2026-08-16 00:19:35] [INFO] dicebot: [POST] /api/online/heartbeat → 200 (5.2ms) IP=::1 UA=?
[2026-08-16 00:19:36] [INFO] dicebot: [POST] /api/room/join → 200 (0.1ms) IP=::1 UA=?
[2026-08-16 00:19:36] [INFO] dicebot: [GET] /api/chat/messages → 200 (0.1ms) IP=::1 UA=?
[2026-08-16 00:19:36] [INFO] dicebot: [POST] /api/shared-canvas/layer-image → 200 (16.1ms) IP=::1 UA=?
[2026-08-16 00:19:36] [INFO] dicebot: [GET] /api/characters → 200 (247.2ms) IP=::1 UA=?
[2026-08-16 00:19:37] [INFO] dicebot: [GET] /api/chat/messages → 200 (0.1ms) IP=::1 UA=?
[2026-08-16 00:19:37] [INFO] dicebot: [GET] /api/events/notifications → 200 (0.1ms) IP=::1 UA=?
[2026-08-16 00:19:37] [INFO] dicebot: [GET] /api/events/notifications → 200 (0.1ms) IP=::1 UA=?
[2026-08-16 00:19:38] [INFO] dicebot: [GET] /api/mentions → 200 (0.1ms) IP=::1 UA=?
[2026-08-16 00:19:38] [INFO] dicebot: [GET] /api/shared-canvas → 200 (7.3ms) IP=::1 UA=?
[2026-08-16 00:19:38] [INFO] dicebot: 地图存档已保存: _autosave (2.7MB)
[2026-08-16 00:19:38] [INFO] dicebot: [POST] /api/map-saves → 200 (49.3ms) IP=::1 UA=?
[2026-08-16 00:19:38] [INFO] dicebot: [POST] /api/online/leave → 200 (0.1ms) IP=::1 UA=?
[2026-08-16 00:19:38] [INFO] dicebot: [GET] /ws → 200 (5271.9ms) IP=::1 UA=?
[2026-08-16 00:19:38] [WARNING] dicebot: 慢请求: [GET] /ws (5272ms)
[2026-08-16 00:19:38] [INFO] dicebot: [POST] /api/online/leave → 200 (0.1ms) IP=::1 UA=?
[2026-08-16 00:19:38] [INFO] dicebot: [POST] /api/room/heartbeat → 200 (0.2ms) IP=::1 UA=?
[2026-08-16 00:19:38] [INFO] dicebot: [GET] /api/events/notifications → 200 (0.1ms) IP=::1 UA=?
[2026-08-16 00:19:38] [INFO] dicebot: [POST] /api/online/leave → 200 (0.1ms) IP=::1 UA=?
[2026-08-16 00:19:38] [INFO] dicebot: [POST] /api/room/leave → 200 (0.1ms) IP=::1 UA=?
[2026-08-16 00:19:38] [INFO] dicebot: [POST] /api/online/leave → 200 (0.1ms) IP=::1 UA=?
[2026-08-16 00:19:39] [INFO] dicebot: [POST] /api/online/leave → 200 (0.1ms) IP=::1 UA=?
[2026-08-16 00:19:39] [INFO] dicebot: [POST] /api/online/leave → 200 (0.1ms) IP=::1 UA=?
[2026-08-16 00:19:39] [INFO] dicebot: [GET] /api/conditions → 200 (0.6ms) IP=::1 UA=?
[2026-08-16 00:19:39] [INFO] dicebot: [GET] /api/skills → 200 (0.0ms) IP=::1 UA=?
[2026-08-16 00:19:39] [INFO] dicebot: [GET] /api/custom/spells → 200 (0.2ms) IP=::1 UA=?
[2026-08-16 00:19:39] [INFO] dicebot: [POST] /api/online/heartbeat → 200 (1.5ms) IP=::1 UA=?
[2026-08-16 00:19:40] [INFO] dicebot: [POST] /api/online/leave → 200 (0.2ms) IP=::1 UA=?
[2026-08-16 00:19:40] [INFO] dicebot: [POST] /api/online/leave → 200 (0.1ms) IP=::1 UA=?
[2026-08-16 00:19:40] [INFO] dicebot: [GET] /api/dm-status → 200 (0.1ms) IP=::1 UA=?
[2026-08-16 00:19:40] [INFO] dicebot: [GET] /api/chat/messages → 200 (0.1ms) IP=::1 UA=?
[2026-08-16 00:19:40] [INFO] dicebot: [GET] /api/auth/me → 200 (2.8ms) IP=::1 UA=?
[2026-08-16 00:19:40] [INFO] dicebot: [POST] /api/online/heartbeat → 200 (1.0ms) IP=::1 UA=?
[2026-08-16 00:19:41] [INFO] dicebot: [POST] /api/online/leave → 200 (0.1ms) IP=::1 UA=?
[2026-08-16 00:19:41] [INFO] dicebot: [POST] /api/online/leave → 200 (0.1ms) IP=::1 UA=?
[2026-08-16 00:19:41] [INFO] dicebot: [GET] /api/mods → 200 (0.1ms) IP=::1 UA=?
[2026-08-16 00:19:41] [INFO] dicebot: [POST] /api/online/heartbeat → 200 (1.5ms) IP=::1 UA=?
[2026-08-16 00:19:42] [INFO] dicebot: [POST] /api/online/leave → 200 (0.2ms) IP=::1 UA=?
[2026-08-16 00:19:42] [INFO] dicebot: [POST] /api/online/leave → 200 (0.1ms) IP=::1 UA=?
[2026-08-16 00:19:42] [INFO] dicebot: [POST] /api/online/heartbeat → 200 (1.7ms) IP=::1 UA=?
[2026-08-16 00:19:42] [INFO] dicebot: [GET] /api/characters → 200 (161.0ms) IP=::1 UA=?
[2026-08-16 00:19:42] [INFO] dicebot: [POST] /api/online/leave → 200 (0.1ms) IP=::1 UA=?
[2026-08-16 00:19:42] [INFO] dicebot: [POST] /api/online/leave → 200 (0.1ms) IP=::1 UA=?
[2026-08-16 00:19:42] [INFO] dicebot: [GET] /api/dm-status → 200 (0.1ms) IP=::1 UA=?
[2026-08-16 00:19:42] [INFO] dicebot: [GET] /api/auth/me → 200 (4.1ms) IP=::1 UA=?
[2026-08-16 00:19:42] [INFO] dicebot: [POST] /api/online/heartbeat → 200 (1.2ms) IP=::1 UA=?
[2026-08-16 00:19:42] [INFO] dicebot: [GET] /api/characters → 200 (186.0ms) IP=::1 UA=?
[2026-08-16 00:19:43] [INFO] dicebot: [POST] /api/online/leave → 200 (0.1ms) IP=::1 UA=?
[2026-08-16 00:19:43] [INFO] dicebot: [POST] /api/combat-state → 200 (6.7ms) IP=::1 UA=?
[2026-08-16 00:19:43] [INFO] dicebot: [GET] /ws → 200 (7482.9ms) IP=::1 UA=?
[2026-08-16 00:19:43] [WARNING] dicebot: 慢请求: [GET] /ws (7483ms)
[2026-08-16 00:19:43] [INFO] dicebot: [POST] /api/online/leave → 200 (0.1ms) IP=::1 UA=?
[2026-08-16 00:19:43] [INFO] dicebot: [GET] /ws → 200 (7397.3ms) IP=::1 UA=?
[2026-08-16 00:19:43] [WARNING] dicebot: 慢请求: [GET] /ws (7397ms)
[2026-08-16 00:19:43] [INFO] dicebot: [POST] /api/combat-state → 200 (5.6ms) IP=::1 UA=?
[2026-08-16 00:19:43] [INFO] dicebot: [POST] /api/online/heartbeat → 200 (1.5ms) IP=::1 UA=?
[2026-08-16 00:19:43] [INFO] dicebot: [GET] /api/auth/me → 200 (3.2ms) IP=::1 UA=?
[2026-08-16 00:19:43] [INFO] dicebot: [GET] /api/characters → 200 (139.6ms) IP=::1 UA=?
[2026-08-16 00:19:43] [INFO] dicebot: [GET] /api/character/41/portrait → 404 (18.6ms) IP=::1 UA=?
[2026-08-16 00:19:43] [INFO] dicebot: [GET] /api/character/48/portrait → 200 (21.4ms) IP=::1 UA=?
[2026-08-16 00:19:43] [INFO] dicebot: [GET] /api/character/46/portrait → 200 (22.3ms) IP=::1 UA=?
[2026-08-16 00:19:43] [INFO] dicebot: [GET] /api/character/72/portrait → 200 (13.3ms) IP=::1 UA=?
[2026-08-16 00:19:43] [INFO] dicebot: [GET] /api/character/43/portrait → 200 (45.4ms) IP=::1 UA=?
[2026-08-16 00:19:43] [INFO] dicebot: [GET] /api/character/71/portrait → 200 (45.4ms) IP=::1 UA=?
[2026-08-16 00:19:43] [INFO] dicebot: [GET] /api/character/73/portrait → 200 (24.1ms) IP=::1 UA=?
[2026-08-16 00:19:43] [INFO] dicebot: [GET] /api/character/76/portrait → 200 (26.2ms) IP=::1 UA=?
[2026-08-16 00:19:43] [INFO] dicebot: [GET] /api/character/77/portrait → 200 (22.4ms) IP=::1 UA=?
[2026-08-16 00:19:43] [INFO] dicebot: [GET] /api/character/78/portrait → 200 (16.4ms) IP=::1 UA=?
[2026-08-16 00:19:43] [INFO] dicebot: [GET] /api/character/55/portrait → 200 (138.2ms) IP=::1 UA=?
[2026-08-16 00:19:43] [INFO] dicebot: [GET] /api/character/79/portrait → 200 (16.0ms) IP=::1 UA=?
[2026-08-16 00:19:43] [INFO] dicebot: [GET] /api/character/80/portrait → 200 (13.7ms) IP=::1 UA=?
[2026-08-16 00:19:43] [INFO] dicebot: [GET] /api/character/81/portrait → 200 (29.6ms) IP=::1 UA=?
[2026-08-16 00:19:43] [INFO] dicebot: [GET] /api/character/82/portrait → 200 (30.1ms) IP=::1 UA=?
[2026-08-16 00:19:43] [INFO] dicebot: [GET] /api/character/87/portrait → 200 (30.8ms) IP=::1 UA=?
[2026-08-16 00:19:43] [INFO] dicebot: [GET] /api/character/90/portrait → 404 (22.3ms) IP=::1 UA=?
[2026-08-16 00:19:43] [INFO] dicebot: [GET] /api/character/89/portrait → 200 (27.2ms) IP=::1 UA=?
[2026-08-16 00:19:43] [INFO] dicebot: [GET] /api/character/92/portrait → 200 (25.0ms) IP=::1 UA=?
[2026-08-16 00:19:43] [INFO] dicebot: [GET] /api/character/93/portrait → 200 (20.6ms) IP=::1 UA=?
[2026-08-16 00:19:43] [INFO] dicebot: [GET] /api/character/95/portrait → 200 (20.8ms) IP=::1 UA=?
[2026-08-16 00:19:43] [INFO] dicebot: [GET] /api/character/109/portrait → 404 (13.8ms) IP=::1 UA=?
[2026-08-16 00:19:43] [INFO] dicebot: [GET] /api/character/136/portrait → 404 (12.7ms) IP=::1 UA=?
[2026-08-16 00:19:44] [INFO] dicebot: [GET] /api/character/137/portrait → 200 (21.3ms) IP=::1 UA=?
[2026-08-16 00:19:44] [INFO] dicebot: [GET] /api/character/138/portrait → 200 (16.7ms) IP=::1 UA=?
[2026-08-16 00:19:44] [INFO] dicebot: [GET] /api/character/177/portrait → 200 (11.9ms) IP=::1 UA=?
[2026-08-16 00:19:45] [INFO] dicebot: [GET] /api/events/notifications → 200 (0.2ms) IP=::1 UA=?
[2026-08-16 00:19:46] [INFO] dicebot: [POST] /api/online/leave → 200 (0.1ms) IP=::1 UA=?
[2026-08-16 00:19:46] [INFO] dicebot: [POST] /api/online/leave → 200 (0.2ms) IP=::1 UA=?
[2026-08-16 00:19:46] [INFO] dicebot: [POST] /api/room/heartbeat → 200 (0.1ms) IP=::1 UA=?
[2026-08-16 00:19:46] [INFO] dicebot: [POST] /api/online/heartbeat → 200 (9.6ms) IP=::1 UA=?
[2026-08-16 00:19:46] [INFO] dicebot: [GET] /api/characters → 200 (183.2ms) IP=::1 UA=?
[2026-08-16 00:19:48] [INFO] dicebot: [GET] /api/events/notifications → 200 (0.1ms) IP=::1 UA=?
[2026-08-16 00:19:50] [INFO] dicebot: [GET] /api/events/notifications → 200 (0.1ms) IP=::1 UA=?
[2026-08-16 00:19:51] [INFO] dicebot: [POST] /api/room/heartbeat → 200 (0.2ms) IP=::1 UA=?
[2026-08-16 00:19:52] [INFO] dicebot: [GET] /api/events/notifications → 200 (0.1ms) IP=::1 UA=?
[2026-08-16 00:19:52] [INFO] dicebot: [POST] /api/online/leave → 200 (0.1ms) IP=::1 UA=?
[2026-08-16 00:19:52] [INFO] dicebot: [POST] /api/online/leave → 200 (0.1ms) IP=::1 UA=?
[2026-08-16 00:19:52] [INFO] dicebot: [GET] /api/online/users → 200 (0.0ms) IP=::1 UA=?
[2026-08-16 00:19:52] [INFO] dicebot: [GET] /api/community/boards → 200 (2.2ms) IP=::1 UA=?
[2026-08-16 00:19:52] [INFO] dicebot: [GET] /api/auth/me → 200 (3.9ms) IP=::1 UA=?
[2026-08-16 00:19:52] [INFO] dicebot: [GET] /api/topics → 200 (2.1ms) IP=::1 UA=?
[2026-08-16 00:19:52] [INFO] dicebot: [GET] /api/auth/me → 200 (2.3ms) IP=::1 UA=?
[2026-08-16 00:19:52] [INFO] dicebot: [GET] /api/workshop/items → 200 (11.5ms) IP=::1 UA=?
[2026-08-16 00:19:52] [INFO] dicebot: [GET] /api/announcements → 200 (2.9ms) IP=::1 UA=?
[2026-08-16 00:19:52] [INFO] dicebot: [GET] /api/stats/overview → 200 (13.7ms) IP=::1 UA=?
[2026-08-16 00:19:52] [INFO] dicebot: [POST] /api/online/heartbeat → 200 (1.4ms) IP=::1 UA=?
[2026-08-16 00:19:58] [INFO] dicebot.mod_loader: 加载Mod: dicebot-mod v2.1.0 — 骰娘动态掷骰Mod (FastAPI)
[2026-08-16 00:19:58] [INFO] dicebot.mod.dicebot-mod: 骰娘动态掷骰Mod 已注册 (FastAPI: http://localhost:8001)
[2026-08-16 00:19:58] [INFO] dicebot.mod.dicebot-mod:   状态: /api/mod/dicebot-mod/status
[2026-08-16 00:19:58] [INFO] dicebot.mod.dicebot-mod:   启动: POST /api/mod/dicebot-mod/start
[2026-08-16 00:19:58] [INFO] dicebot.mod.dicebot-mod:   掷骰: POST /api/mod/dicebot-mod/roll
[2026-08-16 00:19:58] [INFO] dicebot.mod_loader:   路由已注册: /api/mod/dicebot-mod
[2026-08-16 00:19:58] [INFO] dicebot.mod_loader: Mod加载成功: dicebot-mod
[2026-08-16 00:19:58] [INFO] dicebot.mod_loader: 加载Mod: example-hello v1.0.0 — 示例Mod - Hello
[2026-08-16 00:19:58] [INFO] dicebot.mod_loader:   路由已注册: /api/mod/example-hello
[2026-08-16 00:19:58] [INFO] dicebot.mod_loader: Mod加载成功: example-hello
[2026-08-16 00:19:58] [INFO] dicebot: Flask 请求日志中间件已安装
[2026-08-16 00:19:58] [INFO] dicebot: 尘封之卷 Web 服务器启动中...
[2026-08-16 00:19:59] [INFO] dicebot: 已监听 IPv6 ::1（加速 localhost 访问）
[2026-08-16 00:20:03] [INFO] dicebot: [GET] /api/community/boards/discuss/threads → 200 (4.4ms) IP=::1 UA=?
[2026-08-16 00:20:03] [INFO] dicebot: [GET] /api/users/avatars → 200 (1.6ms) IP=::1 UA=?
[2026-08-16 00:20:04] [INFO] dicebot: [GET] /api/community/posts/2 → 200 (2.8ms) IP=::1 UA=?
[2026-08-16 00:20:04] [INFO] dicebot: [GET] /api/favorites → 200 (1.6ms) IP=::1 UA=?
[2026-08-16 00:20:04] [INFO] dicebot: [GET] /api/community/posts/2 → 200 (6.1ms) IP=::1 UA=?
[2026-08-16 00:20:05] [INFO] dicebot: [GET] /api/users/avatars → 200 (1.1ms) IP=::1 UA=?
[2026-08-16 00:20:26] [INFO] dicebot.mod_loader: 加载Mod: dicebot-mod v2.1.0 — 骰娘动态掷骰Mod (FastAPI)
[2026-08-16 00:20:26] [INFO] dicebot.mod.dicebot-mod: 骰娘动态掷骰Mod 已注册 (FastAPI: http://localhost:8001)
[2026-08-16 00:20:26] [INFO] dicebot.mod.dicebot-mod:   状态: /api/mod/dicebot-mod/status
[2026-08-16 00:20:26] [INFO] dicebot.mod.dicebot-mod:   启动: POST /api/mod/dicebot-mod/start
[2026-08-16 00:20:26] [INFO] dicebot.mod.dicebot-mod:   掷骰: POST /api/mod/dicebot-mod/roll
[2026-08-16 00:20:26] [INFO] dicebot.mod_loader:   路由已注册: /api/mod/dicebot-mod
[2026-08-16 00:20:26] [INFO] dicebot.mod_loader: Mod加载成功: dicebot-mod
[2026-08-16 00:20:26] [INFO] dicebot.mod_loader: 加载Mod: example-hello v1.0.0 — 示例Mod - Hello
[2026-08-16 00:20:26] [INFO] dicebot.mod_loader:   路由已注册: /api/mod/example-hello
[2026-08-16 00:20:26] [INFO] dicebot.mod_loader: Mod加载成功: example-hello
[2026-08-16 00:20:26] [INFO] dicebot: Flask 请求日志中间件已安装
[2026-08-16 00:20:26] [INFO] dicebot: 尘封之卷 Web 服务器启动中...
[2026-08-16 00:20:27] [INFO] dicebot: 已监听 IPv6 ::1（加速 localhost 访问）
[2026-08-16 00:20:27] [INFO] dicebot: [POST] /api/online/leave → 200 (0.1ms) IP=::1 UA=?
[2026-08-16 00:20:27] [INFO] dicebot: [POST] /api/online/leave → 200 (0.1ms) IP=::1 UA=?
[2026-08-16 00:20:30] [INFO] dicebot: [GET] /api/online/users → 200 (0.1ms) IP=::1 UA=?
[2026-08-16 00:20:30] [INFO] dicebot: [GET] /api/auth/me → 200 (11.1ms) IP=::1 UA=?
[2026-08-16 00:20:30] [INFO] dicebot: [GET] /api/auth/me → 200 (3.5ms) IP=::1 UA=?
[2026-08-16 00:20:30] [INFO] dicebot: [GET] /api/community/boards → 200 (66.7ms) IP=::1 UA=?
[2026-08-16 00:20:30] [INFO] dicebot: [GET] /api/stats/overview → 200 (76.4ms) IP=::1 UA=?
[2026-08-16 00:20:30] [INFO] dicebot: [GET] /api/workshop/items → 200 (93.3ms) IP=::1 UA=?
[2026-08-16 00:20:30] [INFO] dicebot: [GET] /api/topics → 200 (101.9ms) IP=::1 UA=?
[2026-08-16 00:20:30] [INFO] dicebot: [GET] /api/announcements → 200 (4.0ms) IP=::1 UA=?
[2026-08-16 00:20:30] [INFO] dicebot: [POST] /api/online/heartbeat → 200 (6.0ms) IP=::1 UA=?
[2026-08-16 00:20:33] [INFO] dicebot: [GET] /api/community/boards/discuss/threads → 200 (5.4ms) IP=::1 UA=?
[2026-08-16 00:20:33] [INFO] dicebot: [GET] /api/users/avatars → 200 (4.4ms) IP=::1 UA=?
[2026-08-16 00:20:34] [INFO] dicebot: [GET] /api/community/posts/2 → 200 (4.6ms) IP=::1 UA=?
[2026-08-16 00:20:34] [INFO] dicebot: [GET] /api/favorites → 200 (3.6ms) IP=::1 UA=?
[2026-08-16 00:20:34] [INFO] dicebot: [GET] /api/community/posts/2 → 200 (4.7ms) IP=::1 UA=?
[2026-08-16 00:20:34] [INFO] dicebot: [GET] /api/users/avatars → 200 (1.4ms) IP=::1 UA=?
[2026-08-16 00:20:37] [INFO] dicebot: [GET] /api/community/posts/2 → 200 (2.3ms) IP=::1 UA=?
[2026-08-16 00:20:37] [INFO] dicebot: [GET] /api/community/posts/2 → 200 (2.7ms) IP=::1 UA=?
[2026-08-16 00:20:37] [INFO] dicebot: [GET] /api/favorites → 200 (2.0ms) IP=::1 UA=?
[2026-08-16 00:20:37] [INFO] dicebot: [GET] /api/users/avatars → 200 (0.9ms) IP=::1 UA=?
[2026-08-16 00:20:39] [INFO] dicebot: [DELETE] /api/community/posts/2/comments/3 → 200 (4.7ms) IP=::1 UA=?
[2026-08-16 00:20:39] [INFO] dicebot: [GET] /api/community/posts/2 → 200 (2.4ms) IP=::1 UA=?
[2026-08-16 00:20:42] [INFO] dicebot: [DELETE] /api/community/posts/2/comments/2 → 200 (5.4ms) IP=::1 UA=?
[2026-08-16 00:20:42] [INFO] dicebot: [GET] /api/community/posts/2 → 200 (2.7ms) IP=::1 UA=?
[2026-08-16 00:20:44] [INFO] dicebot: [POST] /api/community/posts/2/like → 200 (3.7ms) IP=::1 UA=?
[2026-08-16 00:20:45] [INFO] dicebot: [DELETE] /api/community/posts/2/comments/1 → 200 (4.8ms) IP=::1 UA=?
[2026-08-16 00:20:45] [INFO] dicebot: [GET] /api/community/posts/2 → 200 (2.6ms) IP=::1 UA=?
[2026-08-16 00:20:46] [INFO] dicebot: [POST] /api/community/posts/2/like → 200 (2.7ms) IP=::1 UA=?
[2026-08-16 00:20:47] [INFO] dicebot: [POST] /api/community/posts/2/like → 200 (2.5ms) IP=127.0.0.1 UA=?
[2026-08-16 00:20:47] [INFO] dicebot: [POST] /api/community/posts/2/like → 200 (3.9ms) IP=::1 UA=?
[2026-08-16 00:20:48] [INFO] dicebot: [POST] /api/favorites → 200 (5.6ms) IP=::1 UA=?
[2026-08-16 00:20:49] [INFO] dicebot: [POST] /api/favorites → 200 (7.0ms) IP=::1 UA=?
[2026-08-16 00:20:50] [INFO] dicebot: [POST] /api/favorites → 200 (6.5ms) IP=::1 UA=?
[2026-08-16 00:20:50] [INFO] dicebot: [POST] /api/online/heartbeat → 200 (1.0ms) IP=::1 UA=?
[2026-08-16 00:20:51] [INFO] dicebot: [POST] /api/favorites → 200 (3.7ms) IP=::1 UA=?
[2026-08-16 00:20:52] [INFO] dicebot: [POST] /api/favorites → 200 (2.6ms) IP=::1 UA=?
[2026-08-16 00:20:54] [INFO] dicebot: [GET] /api/community/posts/2 → 200 (2.6ms) IP=::1 UA=?
[2026-08-16 00:20:54] [INFO] dicebot: [GET] /api/community/posts/2 → 200 (2.5ms) IP=::1 UA=?
[2026-08-16 00:20:54] [INFO] dicebot: [GET] /api/favorites → 200 (2.6ms) IP=::1 UA=?
[2026-08-16 00:21:00] [INFO] dicebot: [GET] /api/online/users → 200 (0.1ms) IP=::1 UA=?
[2026-08-16 00:21:00] [INFO] dicebot: [GET] /api/community/boards/discuss/threads → 200 (3.2ms) IP=::1 UA=?
[2026-08-16 00:21:03] [INFO] dicebot: [POST] /api/online/leave → 200 (0.1ms) IP=::1 UA=?
[2026-08-16 00:21:03] [INFO] dicebot: [POST] /api/online/leave → 200 (0.1ms) IP=::1 UA=?
[2026-08-16 00:21:03] [INFO] dicebot: [GET] /api/auth/me → 200 (4.1ms) IP=::1 UA=?
[2026-08-16 00:21:03] [INFO] dicebot: [GET] /api/announcements → 200 (1.1ms) IP=::1 UA=?
[2026-08-16 00:21:03] [INFO] dicebot: [POST] /api/online/heartbeat → 200 (1.2ms) IP=::1 UA=?
[2026-08-16 00:21:03] [INFO] dicebot: [GET] /api/favorites → 200 (5.6ms) IP=::1 UA=?
[2026-08-16 00:21:03] [INFO] dicebot: [GET] /api/my/comments → 200 (8.1ms) IP=::1 UA=?
[2026-08-16 00:21:23] [INFO] dicebot: [POST] /api/online/heartbeat → 200 (1.0ms) IP=::1 UA=?
[2026-08-16 00:21:43] [INFO] dicebot: [POST] /api/online/heartbeat → 200 (1.1ms) IP=::1 UA=?
[2026-08-16 00:22:03] [INFO] dicebot: [POST] /api/online/heartbeat → 200 (1.7ms) IP=::1 UA=?
[2026-08-16 00:22:23] [INFO] dicebot: [POST] /api/online/heartbeat → 200 (2.8ms) IP=::1 UA=?
[2026-08-16 00:22:43] [INFO] dicebot: [POST] /api/online/heartbeat → 200 (1.6ms) IP=::1 UA=?
[2026-08-16 00:23:03] [INFO] dicebot: [POST] /api/online/heartbeat → 200 (1.5ms) IP=::1 UA=?
[2026-08-16 00:23:23] [INFO] dicebot: [POST] /api/online/heartbeat → 200 (1.6ms) IP=::1 UA=?
[2026-08-16 00:23:39] [INFO] dicebot.mod_loader: 加载Mod: dicebot-mod v2.1.0 — 骰娘动态掷骰Mod (FastAPI)
[2026-08-16 00:23:39] [INFO] dicebot.mod.dicebot-mod: 骰娘动态掷骰Mod 已注册 (FastAPI: http://localhost:8001)
[2026-08-16 00:23:39] [INFO] dicebot.mod.dicebot-mod:   状态: /api/mod/dicebot-mod/status
[2026-08-16 00:23:39] [INFO] dicebot.mod.dicebot-mod:   启动: POST /api/mod/dicebot-mod/start
[2026-08-16 00:23:39] [INFO] dicebot.mod.dicebot-mod:   掷骰: POST /api/mod/dicebot-mod/roll
[2026-08-16 00:23:39] [INFO] dicebot.mod_loader:   路由已注册: /api/mod/dicebot-mod
[2026-08-16 00:23:39] [INFO] dicebot.mod_loader: Mod加载成功: dicebot-mod
[2026-08-16 00:23:39] [INFO] dicebot.mod_loader: 加载Mod: example-hello v1.0.0 — 示例Mod - Hello
[2026-08-16 00:23:39] [INFO] dicebot.mod_loader:   路由已注册: /api/mod/example-hello
[2026-08-16 00:23:39] [INFO] dicebot.mod_loader: Mod加载成功: example-hello
[2026-08-16 00:23:39] [INFO] dicebot: Flask 请求日志中间件已安装
[2026-08-16 00:23:39] [INFO] dicebot: 尘封之卷 Web 服务器启动中...
[2026-08-16 00:23:40] [INFO] dicebot: 已监听 IPv6 ::1（加速 localhost 访问）
[2026-08-16 00:23:43] [INFO] dicebot: [POST] /api/online/heartbeat → 200 (1.1ms) IP=::1 UA=?
[2026-08-16 00:24:03] [INFO] dicebot: [POST] /api/online/heartbeat → 200 (1.1ms) IP=::1 UA=?
[2026-08-16 00:24:18] [INFO] dicebot.mod_loader: 加载Mod: dicebot-mod v2.1.0 — 骰娘动态掷骰Mod (FastAPI)
[2026-08-16 00:24:18] [INFO] dicebot.mod.dicebot-mod: 骰娘动态掷骰Mod 已注册 (FastAPI: http://localhost:8001)
[2026-08-16 00:24:18] [INFO] dicebot.mod.dicebot-mod:   状态: /api/mod/dicebot-mod/status
[2026-08-16 00:24:18] [INFO] dicebot.mod.dicebot-mod:   启动: POST /api/mod/dicebot-mod/start
[2026-08-16 00:24:18] [INFO] dicebot.mod.dicebot-mod:   掷骰: POST /api/mod/dicebot-mod/roll
[2026-08-16 00:24:18] [INFO] dicebot.mod_loader:   路由已注册: /api/mod/dicebot-mod
[2026-08-16 00:24:18] [INFO] dicebot.mod_loader: Mod加载成功: dicebot-mod
[2026-08-16 00:24:18] [INFO] dicebot.mod_loader: 加载Mod: example-hello v1.0.0 — 示例Mod - Hello
[2026-08-16 00:24:18] [INFO] dicebot.mod_loader:   路由已注册: /api/mod/example-hello
[2026-08-16 00:24:18] [INFO] dicebot.mod_loader: Mod加载成功: example-hello
[2026-08-16 00:24:18] [INFO] dicebot: Flask 请求日志中间件已安装
[2026-08-16 00:24:18] [INFO] dicebot: 尘封之卷 Web 服务器启动中...
[2026-08-16 00:24:19] [INFO] dicebot: 已监听 IPv6 ::1（加速 localhost 访问）
[2026-08-16 00:24:23] [INFO] dicebot: [POST] /api/online/heartbeat → 200 (5.2ms) IP=::1 UA=?
[2026-08-16 00:24:38] [INFO] dicebot: [POST] /api/online/leave → 200 (0.1ms) IP=::1 UA=?
[2026-08-16 00:24:38] [INFO] dicebot: [POST] /api/online/leave → 200 (0.1ms) IP=::1 UA=?
[2026-08-16 00:24:44] [INFO] dicebot: [GET] /api/auth/me → 401 (0.1ms) IP=::1 UA=?
[2026-08-16 00:24:44] [INFO] dicebot: [GET] /api/community/posts/2 → 200 (14.4ms) IP=::1 UA=?
[2026-08-16 00:24:44] [INFO] dicebot: [POST] /api/online/heartbeat → 200 (0.2ms) IP=::1 UA=?
[2026-08-16 00:24:44] [INFO] dicebot: [GET] /api/favorites → 401 (0.1ms) IP=::1 UA=?
[2026-08-16 00:24:44] [INFO] dicebot: [GET] /api/community/posts/2 → 200 (2.9ms) IP=::1 UA=?
[2026-08-16 00:24:50] [INFO] dicebot: [GET] /api/auth/me → 401 (0.1ms) IP=::1 UA=?
[2026-08-16 00:24:50] [INFO] dicebot: [GET] /api/workshop/items/1 → 200 (5.0ms) IP=::1 UA=?
[2026-08-16 00:24:50] [INFO] dicebot: [POST] /api/online/heartbeat → 200 (0.3ms) IP=::1 UA=?
[2026-08-16 00:24:50] [INFO] dicebot: [GET] /api/favorites → 401 (0.1ms) IP=::1 UA=?
[2026-08-16 00:24:50] [INFO] dicebot: [GET] /api/workshop/items/1 → 200 (3.1ms) IP=::1 UA=?
[2026-08-16 00:24:50] [INFO] dicebot: [GET] /api/users/avatars → 200 (1.9ms) IP=::1 UA=?
[2026-08-16 00:24:56] [INFO] dicebot: [GET] /api/auth/me → 401 (0.1ms) IP=::1 UA=?
[2026-08-16 00:24:56] [INFO] dicebot: [GET] /api/announcements → 200 (6.0ms) IP=::1 UA=?
[2026-08-16 00:24:56] [INFO] dicebot: [POST] /api/online/heartbeat → 200 (0.1ms) IP=::1 UA=?
[2026-08-16 00:25:00] [INFO] dicebot: 新用户注册: FavLinkTest (favlink@test.com)
[2026-08-16 00:25:00] [INFO] dicebot: [POST] /api/auth/register → 200 (123.4ms) IP=::1 UA=?
[2026-08-16 00:25:00] [INFO] dicebot: [POST] /api/favorites → 200 (58.1ms) IP=::1 UA=?
[2026-08-16 00:25:00] [INFO] dicebot: [POST] /api/favorites → 200 (6.5ms) IP=::1 UA=?
[2026-08-16 00:25:00] [INFO] dicebot: [POST] /api/online/leave → 200 (0.1ms) IP=::1 UA=?
[2026-08-16 00:25:00] [INFO] dicebot: [POST] /api/online/leave → 200 (0.1ms) IP=::1 UA=?
[2026-08-16 00:25:00] [INFO] dicebot: [POST] /api/online/heartbeat → 200 (1.8ms) IP=::1 UA=?
[2026-08-16 00:25:00] [INFO] dicebot: [GET] /api/auth/me → 200 (5.7ms) IP=::1 UA=?
[2026-08-16 00:25:00] [INFO] dicebot: [GET] /api/announcements → 200 (3.9ms) IP=::1 UA=?
[2026-08-16 00:25:01] [INFO] dicebot: [GET] /api/favorites → 200 (13.5ms) IP=::1 UA=?
[2026-08-16 00:25:01] [INFO] dicebot: [GET] /api/my/comments → 200 (77.5ms) IP=::1 UA=?
[2026-08-16 00:25:05] [INFO] dicebot: [POST] /api/online/leave → 200 (0.3ms) IP=::1 UA=?
[2026-08-16 00:26:10] [INFO] dicebot.mod_loader: 加载Mod: dicebot-mod v2.1.0 — 骰娘动态掷骰Mod (FastAPI)
[2026-08-16 00:26:10] [INFO] dicebot.mod.dicebot-mod: 骰娘动态掷骰Mod 已注册 (FastAPI: http://localhost:8001)
[2026-08-16 00:26:10] [INFO] dicebot.mod.dicebot-mod:   状态: /api/mod/dicebot-mod/status
[2026-08-16 00:26:10] [INFO] dicebot.mod.dicebot-mod:   启动: POST /api/mod/dicebot-mod/start
[2026-08-16 00:26:10] [INFO] dicebot.mod.dicebot-mod:   掷骰: POST /api/mod/dicebot-mod/roll
[2026-08-16 00:26:10] [INFO] dicebot.mod_loader:   路由已注册: /api/mod/dicebot-mod
[2026-08-16 00:26:10] [INFO] dicebot.mod_loader: Mod加载成功: dicebot-mod
[2026-08-16 00:26:10] [INFO] dicebot.mod_loader: 加载Mod: example-hello v1.0.0 — 示例Mod - Hello
[2026-08-16 00:26:10] [INFO] dicebot.mod_loader:   路由已注册: /api/mod/example-hello
[2026-08-16 00:26:10] [INFO] dicebot.mod_loader: Mod加载成功: example-hello
[2026-08-16 00:26:10] [INFO] dicebot: Flask 请求日志中间件已安装
[2026-08-16 00:26:10] [INFO] dicebot: 尘封之卷 Web 服务器启动中...
[2026-08-16 00:26:10] [INFO] dicebot: 已监听 IPv6 ::1（加速 localhost 访问）
[2026-08-16 00:26:14] [INFO] dicebot: [GET] /api/online/users → 200 (0.0ms) IP=::1 UA=?
[2026-08-16 00:26:14] [INFO] dicebot: [GET] /api/auth/me → 200 (11.5ms) IP=::1 UA=?
[2026-08-16 00:26:14] [INFO] dicebot: [GET] /api/auth/me → 200 (3.0ms) IP=::1 UA=?
[2026-08-16 00:26:14] [INFO] dicebot: [GET] /api/topics → 200 (80.0ms) IP=::1 UA=?
[2026-08-16 00:26:14] [INFO] dicebot: [GET] /api/community/boards → 200 (86.9ms) IP=::1 UA=?
[2026-08-16 00:26:14] [INFO] dicebot: [GET] /api/stats/overview → 200 (92.4ms) IP=::1 UA=?
[2026-08-16 00:26:14] [INFO] dicebot: [GET] /api/workshop/items → 200 (99.0ms) IP=::1 UA=?
[2026-08-16 00:26:14] [INFO] dicebot: [GET] /api/announcements → 200 (2.9ms) IP=::1 UA=?
[2026-08-16 00:26:14] [INFO] dicebot: [POST] /api/online/heartbeat → 200 (4.6ms) IP=::1 UA=?
[2026-08-16 00:26:15] [INFO] dicebot: [POST] /api/online/leave → 200 (0.1ms) IP=::1 UA=?
[2026-08-16 00:26:15] [INFO] dicebot: [POST] /api/online/leave → 200 (0.2ms) IP=::1 UA=?
[2026-08-16 00:26:15] [INFO] dicebot: [GET] /api/auth/me → 200 (4.1ms) IP=::1 UA=?
[2026-08-16 00:26:16] [INFO] dicebot: [GET] /api/announcements → 200 (1.0ms) IP=::1 UA=?
[2026-08-16 00:26:16] [INFO] dicebot: [POST] /api/online/heartbeat → 200 (1.6ms) IP=::1 UA=?
[2026-08-16 00:26:16] [INFO] dicebot: [GET] /api/favorites → 200 (7.8ms) IP=::1 UA=?
[2026-08-16 00:26:16] [INFO] dicebot: [GET] /api/my/comments → 200 (6.5ms) IP=::1 UA=?
[2026-08-16 00:26:17] [INFO] dicebot: [POST] /api/online/leave → 200 (0.1ms) IP=::1 UA=?
[2026-08-16 00:26:17] [INFO] dicebot: [POST] /api/online/leave → 200 (0.1ms) IP=::1 UA=?
[2026-08-16 00:26:17] [INFO] dicebot: [POST] /api/online/heartbeat → 200 (1.0ms) IP=::1 UA=?
[2026-08-16 00:26:17] [INFO] dicebot: [GET] /api/community/posts/2 → 200 (3.4ms) IP=::1 UA=?
[2026-08-16 00:26:17] [INFO] dicebot: [GET] /api/auth/me → 200 (5.1ms) IP=::1 UA=?
[2026-08-16 00:26:17] [INFO] dicebot: [GET] /api/community/posts/2 → 200 (4.3ms) IP=::1 UA=?
[2026-08-16 00:26:17] [INFO] dicebot: [GET] /api/favorites → 200 (6.9ms) IP=::1 UA=?
[2026-08-16 00:26:20] [INFO] dicebot: [POST] /api/community/posts/2/like → 200 (5.1ms) IP=::1 UA=?
[2026-08-16 00:26:20] [INFO] dicebot: [POST] /api/favorites → 200 (4.3ms) IP=::1 UA=?
[2026-08-16 00:26:21] [INFO] dicebot: [POST] /api/favorites → 200 (6.1ms) IP=::1 UA=?
[2026-08-16 00:26:27] [INFO] dicebot: [POST] /api/online/leave → 200 (0.1ms) IP=::1 UA=?
[2026-08-16 00:26:27] [INFO] dicebot: [POST] /api/online/leave → 200 (0.1ms) IP=::1 UA=?
[2026-08-16 00:26:36] [INFO] dicebot: [POST] /api/online/heartbeat → 200 (1.2ms) IP=::1 UA=?
[2026-08-16 00:26:40] [INFO] dicebot: [POST] /api/online/leave → 200 (0.1ms) IP=::1 UA=?
[2026-08-16 00:26:40] [INFO] dicebot: [POST] /api/online/leave → 200 (0.1ms) IP=::1 UA=?
[2026-08-16 00:26:40] [INFO] dicebot: [GET] /api/online/users → 200 (0.0ms) IP=::1 UA=?
[2026-08-16 00:26:40] [INFO] dicebot: [GET] /api/community/boards → 200 (3.1ms) IP=::1 UA=?
[2026-08-16 00:26:40] [INFO] dicebot: [GET] /api/auth/me → 200 (4.8ms) IP=::1 UA=?
[2026-08-16 00:26:40] [INFO] dicebot: [GET] /api/announcements → 200 (0.9ms) IP=::1 UA=?
[2026-08-16 00:26:40] [INFO] dicebot: [GET] /api/workshop/items → 200 (11.8ms) IP=::1 UA=?
[2026-08-16 00:26:40] [INFO] dicebot: [GET] /api/stats/overview → 200 (9.9ms) IP=::1 UA=?
[2026-08-16 00:26:40] [INFO] dicebot: [POST] /api/online/heartbeat → 200 (2.8ms) IP=::1 UA=?
[2026-08-16 00:26:40] [INFO] dicebot: [GET] /api/auth/me → 200 (5.7ms) IP=::1 UA=?
[2026-08-16 00:26:40] [INFO] dicebot: [GET] /api/topics → 200 (52.5ms) IP=::1 UA=?
[2026-08-16 00:27:00] [INFO] dicebot: [POST] /api/online/heartbeat → 200 (1.2ms) IP=::1 UA=?
[2026-08-16 00:27:10] [INFO] dicebot: [GET] /api/online/users → 200 (0.0ms) IP=::1 UA=?
[2026-08-16 00:27:10] [INFO] dicebot: [GET] /api/community/boards → 200 (1.7ms) IP=::1 UA=?
[2026-08-16 00:27:10] [INFO] dicebot: [GET] /api/workshop/items → 200 (5.1ms) IP=::1 UA=?
[2026-08-16 00:27:20] [INFO] dicebot: [POST] /api/online/heartbeat → 200 (3.5ms) IP=::1 UA=?
[2026-08-16 00:27:40] [INFO] dicebot: [GET] /api/online/users → 200 (0.0ms) IP=::1 UA=?
[2026-08-16 00:27:40] [INFO] dicebot: [POST] /api/online/heartbeat → 200 (4.2ms) IP=::1 UA=?
[2026-08-16 00:27:40] [INFO] dicebot: [GET] /api/community/boards → 200 (3.0ms) IP=::1 UA=?
[2026-08-16 00:27:40] [INFO] dicebot: [GET] /api/workshop/items → 200 (4.6ms) IP=::1 UA=?
[2026-08-16 00:27:40] [INFO] dicebot: [GET] /api/topics → 200 (1.1ms) IP=::1 UA=?
[2026-08-16 00:27:40] [INFO] dicebot: [GET] /api/stats/overview → 200 (2.2ms) IP=::1 UA=?
[2026-08-16 00:28:00] [INFO] dicebot: [POST] /api/online/heartbeat → 200 (1.1ms) IP=::1 UA=?
[2026-08-16 00:28:10] [INFO] dicebot: [GET] /api/online/users → 200 (0.0ms) IP=::1 UA=?
[2026-08-16 00:28:10] [INFO] dicebot: [GET] /api/community/boards → 200 (1.6ms) IP=::1 UA=?
[2026-08-16 00:28:10] [INFO] dicebot: [GET] /api/workshop/items → 200 (3.1ms) IP=::1 UA=?
[2026-08-16 00:28:20] [INFO] dicebot: [POST] /api/online/heartbeat → 200 (3.1ms) IP=::1 UA=?
[2026-08-16 00:28:40] [INFO] dicebot: [GET] /api/online/users → 200 (0.0ms) IP=::1 UA=?
[2026-08-16 00:28:40] [INFO] dicebot: [POST] /api/online/heartbeat → 200 (2.1ms) IP=::1 UA=?
[2026-08-16 00:28:40] [INFO] dicebot: [GET] /api/community/boards → 200 (4.5ms) IP=::1 UA=?
[2026-08-16 00:28:40] [INFO] dicebot: [GET] /api/topics → 200 (3.5ms) IP=::1 UA=?
[2026-08-16 00:28:40] [INFO] dicebot: [GET] /api/workshop/items → 200 (6.1ms) IP=::1 UA=?
[2026-08-16 00:28:40] [INFO] dicebot: [GET] /api/stats/overview → 200 (5.7ms) IP=::1 UA=?
[2026-08-16 00:29:00] [INFO] dicebot: [POST] /api/online/heartbeat → 200 (1.2ms) IP=::1 UA=?
[2026-08-16 00:29:10] [INFO] dicebot: [GET] /api/online/users → 200 (0.0ms) IP=::1 UA=?
[2026-08-16 00:29:10] [INFO] dicebot: [GET] /api/community/boards → 200 (1.6ms) IP=::1 UA=?
[2026-08-16 00:29:10] [INFO] dicebot: [GET] /api/workshop/items → 200 (3.3ms) IP=::1 UA=?
[2026-08-16 00:29:20] [INFO] dicebot: [POST] /api/online/heartbeat → 200 (1.2ms) IP=::1 UA=?
[2026-08-16 00:29:40] [INFO] dicebot: [GET] /api/online/users → 200 (0.0ms) IP=::1 UA=?
[2026-08-16 00:29:40] [INFO] dicebot: [GET] /api/stats/overview → 200 (3.9ms) IP=::1 UA=?
[2026-08-16 00:29:40] [INFO] dicebot: [GET] /api/community/boards → 200 (5.8ms) IP=::1 UA=?
[2026-08-16 00:29:40] [INFO] dicebot: [GET] /api/topics → 200 (2.4ms) IP=::1 UA=?
[2026-08-16 00:29:40] [INFO] dicebot: [POST] /api/online/heartbeat → 200 (2.6ms) IP=::1 UA=?
[2026-08-16 00:29:40] [INFO] dicebot: [GET] /api/workshop/items → 200 (9.8ms) IP=::1 UA=?
[2026-08-16 00:30:00] [INFO] dicebot: [POST] /api/online/heartbeat → 200 (1.1ms) IP=::1 UA=?
[2026-08-16 00:30:10] [INFO] dicebot: [GET] /api/online/users → 200 (0.1ms) IP=::1 UA=?
[2026-08-16 00:30:10] [INFO] dicebot: [GET] /api/community/boards → 200 (1.4ms) IP=::1 UA=?
[2026-08-16 00:30:10] [INFO] dicebot: [GET] /api/workshop/items → 200 (2.5ms) IP=::1 UA=?
[2026-08-16 00:30:20] [INFO] dicebot: [POST] /api/online/heartbeat → 200 (1.2ms) IP=::1 UA=?
[2026-08-16 00:30:40] [INFO] dicebot: [GET] /api/online/users → 200 (0.0ms) IP=::1 UA=?
[2026-08-16 00:30:40] [INFO] dicebot: [POST] /api/online/heartbeat → 200 (1.9ms) IP=::1 UA=?
[2026-08-16 00:30:40] [INFO] dicebot: [GET] /api/community/boards → 200 (1.4ms) IP=::1 UA=?
[2026-08-16 00:30:40] [INFO] dicebot: [GET] /api/stats/overview → 200 (3.5ms) IP=::1 UA=?
[2026-08-16 00:30:40] [INFO] dicebot: [GET] /api/topics → 200 (5.3ms) IP=::1 UA=?
[2026-08-16 00:30:40] [INFO] dicebot: [GET] /api/workshop/items → 200 (11.8ms) IP=::1 UA=?
[2026-08-16 00:31:00] [INFO] dicebot: [POST] /api/online/heartbeat → 200 (1.1ms) IP=::1 UA=?
[2026-08-16 00:31:10] [INFO] dicebot: [GET] /api/online/users → 200 (0.0ms) IP=::1 UA=?
[2026-08-16 00:31:10] [INFO] dicebot: [GET] /api/community/boards → 200 (2.1ms) IP=::1 UA=?
[2026-08-16 00:31:10] [INFO] dicebot: [GET] /api/workshop/items → 200 (3.5ms) IP=::1 UA=?
[2026-08-16 00:31:20] [INFO] dicebot: [POST] /api/online/heartbeat → 200 (1.2ms) IP=::1 UA=?
[2026-08-16 00:31:40] [INFO] dicebot: [POST] /api/online/heartbeat → 200 (2.3ms) IP=::1 UA=?
[2026-08-16 00:31:40] [INFO] dicebot: [GET] /api/community/boards → 200 (1.4ms) IP=::1 UA=?
[2026-08-16 00:31:40] [INFO] dicebot: [GET] /api/workshop/items → 200 (4.2ms) IP=::1 UA=?
[2026-08-16 00:31:40] [INFO] dicebot: [GET] /api/online/users → 200 (0.3ms) IP=::1 UA=?
[2026-08-16 00:31:40] [INFO] dicebot: [GET] /api/stats/overview → 200 (5.6ms) IP=::1 UA=?
[2026-08-16 00:31:40] [INFO] dicebot: [GET] /api/topics → 200 (2.5ms) IP=::1 UA=?
[2026-08-16 00:32:00] [INFO] dicebot: [POST] /api/online/heartbeat → 200 (1.1ms) IP=::1 UA=?
[2026-08-16 00:32:10] [INFO] dicebot: [GET] /api/online/users → 200 (0.0ms) IP=::1 UA=?
[2026-08-16 00:32:10] [INFO] dicebot: [GET] /api/community/boards → 200 (1.8ms) IP=::1 UA=?
[2026-08-16 00:32:10] [INFO] dicebot: [GET] /api/workshop/items → 200 (4.7ms) IP=::1 UA=?
[2026-08-16 00:32:20] [INFO] dicebot: [POST] /api/online/heartbeat → 200 (1.1ms) IP=::1 UA=?
[2026-08-16 00:32:40] [INFO] dicebot: [GET] /api/online/users → 200 (0.0ms) IP=::1 UA=?
[2026-08-16 00:32:40] [INFO] dicebot: [POST] /api/online/heartbeat → 200 (1.5ms) IP=::1 UA=?
[2026-08-16 00:32:40] [INFO] dicebot: [GET] /api/community/boards → 200 (1.5ms) IP=::1 UA=?
[2026-08-16 00:32:40] [INFO] dicebot: [GET] /api/stats/overview → 200 (5.0ms) IP=::1 UA=?
[2026-08-16 00:32:40] [INFO] dicebot: [GET] /api/topics → 200 (7.0ms) IP=::1 UA=?
[2026-08-16 00:32:40] [INFO] dicebot: [GET] /api/workshop/items → 200 (3.5ms) IP=::1 UA=?
[2026-08-16 00:33:00] [INFO] dicebot: [POST] /api/online/heartbeat → 200 (1.4ms) IP=::1 UA=?
[2026-08-16 00:33:10] [INFO] dicebot: [GET] /api/online/users → 200 (0.0ms) IP=::1 UA=?
[2026-08-16 00:33:10] [INFO] dicebot: [GET] /api/community/boards → 200 (2.0ms) IP=::1 UA=?
[2026-08-16 00:33:10] [INFO] dicebot: [GET] /api/workshop/items → 200 (4.8ms) IP=::1 UA=?
[2026-08-16 00:33:20] [INFO] dicebot: [POST] /api/online/heartbeat → 200 (1.3ms) IP=::1 UA=?
[2026-08-16 00:33:40] [INFO] dicebot: [GET] /api/online/users → 200 (0.0ms) IP=::1 UA=?
[2026-08-16 00:33:40] [INFO] dicebot: [GET] /api/community/boards → 200 (1.8ms) IP=::1 UA=?
[2026-08-16 00:33:40] [INFO] dicebot: [GET] /api/workshop/items → 200 (4.7ms) IP=::1 UA=?
[2026-08-16 00:33:40] [INFO] dicebot: [GET] /api/topics → 200 (2.7ms) IP=::1 UA=?
[2026-08-16 00:33:40] [INFO] dicebot: [POST] /api/online/heartbeat → 200 (1.7ms) IP=::1 UA=?
[2026-08-16 00:33:40] [INFO] dicebot: [GET] /api/stats/overview → 200 (9.4ms) IP=::1 UA=?
[2026-08-16 00:34:00] [INFO] dicebot: [POST] /api/online/heartbeat → 200 (1.6ms) IP=::1 UA=?
[2026-08-16 00:34:10] [INFO] dicebot: [GET] /api/online/users → 200 (0.0ms) IP=::1 UA=?
[2026-08-16 00:34:10] [INFO] dicebot: [GET] /api/community/boards → 200 (2.1ms) IP=::1 UA=?
[2026-08-16 00:34:10] [INFO] dicebot: [GET] /api/workshop/items → 200 (6.2ms) IP=::1 UA=?
[2026-08-16 00:34:20] [INFO] dicebot: [POST] /api/online/heartbeat → 200 (1.7ms) IP=::1 UA=?
[2026-08-16 00:34:40] [INFO] dicebot: [GET] /api/online/users → 200 (0.0ms) IP=::1 UA=?
[2026-08-16 00:34:40] [INFO] dicebot: [POST] /api/online/heartbeat → 200 (1.7ms) IP=::1 UA=?
[2026-08-16 00:34:40] [INFO] dicebot: [GET] /api/community/boards → 200 (1.4ms) IP=::1 UA=?
[2026-08-16 00:34:40] [INFO] dicebot: [GET] /api/topics → 200 (1.5ms) IP=::1 UA=?
[2026-08-16 00:34:40] [INFO] dicebot: [GET] /api/stats/overview → 200 (5.0ms) IP=::1 UA=?
[2026-08-16 00:34:40] [INFO] dicebot: [GET] /api/workshop/items → 200 (7.5ms) IP=::1 UA=?
[2026-08-16 00:35:00] [INFO] dicebot: [POST] /api/online/heartbeat → 200 (1.1ms) IP=::1 UA=?
[2026-08-16 00:35:10] [INFO] dicebot: [GET] /api/online/users → 200 (0.0ms) IP=::1 UA=?
[2026-08-16 00:35:10] [INFO] dicebot: [GET] /api/community/boards → 200 (1.1ms) IP=::1 UA=?
[2026-08-16 00:35:10] [INFO] dicebot: [GET] /api/workshop/items → 200 (2.6ms) IP=::1 UA=?
[2026-08-16 00:35:20] [INFO] dicebot: [POST] /api/online/heartbeat → 200 (3.1ms) IP=::1 UA=?
[2026-08-16 00:35:40] [INFO] dicebot: [GET] /api/online/users → 200 (0.0ms) IP=::1 UA=?
[2026-08-16 00:35:40] [INFO] dicebot: [POST] /api/online/heartbeat → 200 (4.0ms) IP=::1 UA=?
[2026-08-16 00:35:40] [INFO] dicebot: [GET] /api/community/boards → 200 (3.3ms) IP=::1 UA=?
[2026-08-16 00:35:40] [INFO] dicebot: [GET] /api/topics → 200 (2.3ms) IP=::1 UA=?
[2026-08-16 00:35:40] [INFO] dicebot: [GET] /api/stats/overview → 200 (4.3ms) IP=::1 UA=?
[2026-08-16 00:35:40] [INFO] dicebot: [GET] /api/workshop/items → 200 (8.2ms) IP=::1 UA=?
[2026-08-16 00:36:00] [INFO] dicebot: [POST] /api/online/heartbeat → 200 (1.5ms) IP=::1 UA=?
[2026-08-16 00:36:10] [INFO] dicebot: [GET] /api/online/users → 200 (0.0ms) IP=::1 UA=?
[2026-08-16 00:36:10] [INFO] dicebot: [GET] /api/community/boards → 200 (1.4ms) IP=::1 UA=?
[2026-08-16 00:36:10] [INFO] dicebot: [GET] /api/workshop/items → 200 (3.1ms) IP=::1 UA=?
[2026-08-16 00:36:20] [INFO] dicebot: [POST] /api/online/heartbeat → 200 (1.1ms) IP=::1 UA=?
[2026-08-16 00:36:40] [INFO] dicebot: [GET] /api/online/users → 200 (0.0ms) IP=::1 UA=?
[2026-08-16 00:36:40] [INFO] dicebot: [GET] /api/community/boards → 200 (2.2ms) IP=::1 UA=?
[2026-08-16 00:36:40] [INFO] dicebot: [GET] /api/stats/overview → 200 (3.2ms) IP=::1 UA=?
[2026-08-16 00:36:40] [INFO] dicebot: [GET] /api/workshop/items → 200 (5.5ms) IP=::1 UA=?
[2026-08-16 00:36:40] [INFO] dicebot: [GET] /api/topics → 200 (1.5ms) IP=::1 UA=?
[2026-08-16 00:36:40] [INFO] dicebot: [POST] /api/online/heartbeat → 200 (4.8ms) IP=::1 UA=?
[2026-08-16 00:37:00] [INFO] dicebot: [POST] /api/online/heartbeat → 200 (1.2ms) IP=::1 UA=?
[2026-08-16 00:37:10] [INFO] dicebot: [GET] /api/online/users → 200 (0.0ms) IP=::1 UA=?
[2026-08-16 00:37:10] [INFO] dicebot: [GET] /api/community/boards → 200 (1.6ms) IP=::1 UA=?
[2026-08-16 00:37:10] [INFO] dicebot: [GET] /api/workshop/items → 200 (3.3ms) IP=::1 UA=?
[2026-08-16 00:37:20] [INFO] dicebot: [POST] /api/online/heartbeat → 200 (1.1ms) IP=::1 UA=?
[2026-08-16 00:37:40] [INFO] dicebot: [GET] /api/online/users → 200 (0.1ms) IP=::1 UA=?
[2026-08-16 00:37:40] [INFO] dicebot: [GET] /api/community/boards → 200 (2.4ms) IP=::1 UA=?
[2026-08-16 00:37:40] [INFO] dicebot: [GET] /api/workshop/items → 200 (5.2ms) IP=::1 UA=?
[2026-08-16 00:37:40] [INFO] dicebot: [GET] /api/topics → 200 (4.4ms) IP=::1 UA=?
[2026-08-16 00:37:40] [INFO] dicebot: [POST] /api/online/heartbeat → 200 (5.1ms) IP=::1 UA=?
[2026-08-16 00:37:40] [INFO] dicebot: [GET] /api/stats/overview → 200 (13.4ms) IP=::1 UA=?
[2026-08-16 00:38:00] [INFO] dicebot: [POST] /api/online/heartbeat → 200 (1.1ms) IP=::1 UA=?
[2026-08-16 00:38:10] [INFO] dicebot: [GET] /api/online/users → 200 (0.0ms) IP=::1 UA=?
[2026-08-16 00:38:10] [INFO] dicebot: [GET] /api/community/boards → 200 (1.3ms) IP=::1 UA=?
[2026-08-16 00:38:10] [INFO] dicebot: [GET] /api/workshop/items → 200 (3.2ms) IP=::1 UA=?
[2026-08-16 00:38:20] [INFO] dicebot: [POST] /api/online/heartbeat → 200 (3.9ms) IP=::1 UA=?
[2026-08-16 00:38:40] [INFO] dicebot: [GET] /api/topics → 200 (1.7ms) IP=::1 UA=?
[2026-08-16 00:38:40] [INFO] dicebot: [GET] /api/stats/overview → 200 (3.1ms) IP=::1 UA=?
[2026-08-16 00:38:40] [INFO] dicebot: [GET] /api/workshop/items → 200 (3.0ms) IP=::1 UA=?
[2026-08-16 00:38:40] [INFO] dicebot: [GET] /api/community/boards → 200 (3.7ms) IP=::1 UA=?
[2026-08-16 00:38:40] [INFO] dicebot: [GET] /api/online/users → 200 (0.0ms) IP=::1 UA=?
[2026-08-16 00:38:40] [INFO] dicebot: [POST] /api/online/heartbeat → 200 (1.7ms) IP=::1 UA=?
[2026-08-16 00:39:00] [INFO] dicebot: [POST] /api/online/heartbeat → 200 (1.0ms) IP=::1 UA=?
[2026-08-16 00:39:10] [INFO] dicebot: [GET] /api/online/users → 200 (0.0ms) IP=::1 UA=?
[2026-08-16 00:39:10] [INFO] dicebot: [GET] /api/community/boards → 200 (1.6ms) IP=::1 UA=?
[2026-08-16 00:39:10] [INFO] dicebot: [GET] /api/workshop/items → 200 (3.1ms) IP=::1 UA=?
[2026-08-16 00:39:20] [INFO] dicebot: [POST] /api/online/heartbeat → 200 (1.0ms) IP=::1 UA=?
[2026-08-16 00:39:40] [INFO] dicebot: [POST] /api/online/heartbeat → 200 (2.7ms) IP=::1 UA=?
[2026-08-16 00:39:40] [INFO] dicebot: [GET] /api/online/users → 200 (0.0ms) IP=::1 UA=?
[2026-08-16 00:39:40] [INFO] dicebot: [GET] /api/community/boards → 200 (1.3ms) IP=::1 UA=?
[2026-08-16 00:39:40] [INFO] dicebot: [GET] /api/workshop/items → 200 (4.8ms) IP=::1 UA=?
[2026-08-16 00:39:40] [INFO] dicebot: [GET] /api/topics → 200 (1.2ms) IP=::1 UA=?
[2026-08-16 00:39:40] [INFO] dicebot: [GET] /api/stats/overview → 200 (3.8ms) IP=::1 UA=?
[2026-08-16 00:40:00] [INFO] dicebot: [POST] /api/online/heartbeat → 200 (1.1ms) IP=::1 UA=?
[2026-08-16 00:40:10] [INFO] dicebot: [GET] /api/online/users → 200 (0.0ms) IP=::1 UA=?
[2026-08-16 00:40:10] [INFO] dicebot: [GET] /api/community/boards → 200 (1.7ms) IP=::1 UA=?
[2026-08-16 00:40:10] [INFO] dicebot: [GET] /api/workshop/items → 200 (3.4ms) IP=::1 UA=?
[2026-08-16 00:40:20] [INFO] dicebot: [POST] /api/online/heartbeat → 200 (1.8ms) IP=::1 UA=?
[2026-08-16 00:40:40] [INFO] dicebot: [GET] /api/online/users → 200 (0.0ms) IP=::1 UA=?
[2026-08-16 00:40:40] [INFO] dicebot: [GET] /api/community/boards → 200 (2.3ms) IP=::1 UA=?
[2026-08-16 00:40:40] [INFO] dicebot: [GET] /api/topics → 200 (2.4ms) IP=::1 UA=?
[2026-08-16 00:40:40] [INFO] dicebot: [GET] /api/stats/overview → 200 (8.0ms) IP=::1 UA=?
[2026-08-16 00:40:40] [INFO] dicebot: [GET] /api/workshop/items → 200 (9.5ms) IP=::1 UA=?
[2026-08-16 00:40:40] [INFO] dicebot: [POST] /api/online/heartbeat → 200 (1.2ms) IP=::1 UA=?
[2026-08-16 00:41:00] [INFO] dicebot: [POST] /api/online/heartbeat → 200 (1.1ms) IP=::1 UA=?
[2026-08-16 00:41:10] [INFO] dicebot: [GET] /api/online/users → 200 (0.1ms) IP=::1 UA=?
[2026-08-16 00:41:10] [INFO] dicebot: [GET] /api/community/boards → 200 (2.7ms) IP=::1 UA=?
[2026-08-16 00:41:10] [INFO] dicebot: [GET] /api/workshop/items → 200 (3.8ms) IP=::1 UA=?
[2026-08-16 00:41:20] [INFO] dicebot: [POST] /api/online/heartbeat → 200 (1.0ms) IP=::1 UA=?
[2026-08-16 00:41:40] [INFO] dicebot: [GET] /api/online/users → 200 (0.0ms) IP=::1 UA=?
[2026-08-16 00:41:40] [INFO] dicebot: [POST] /api/online/heartbeat → 200 (2.5ms) IP=::1 UA=?
[2026-08-16 00:41:40] [INFO] dicebot: [GET] /api/community/boards → 200 (1.8ms) IP=::1 UA=?
[2026-08-16 00:41:40] [INFO] dicebot: [GET] /api/workshop/items → 200 (3.7ms) IP=::1 UA=?
[2026-08-16 00:41:40] [INFO] dicebot: [GET] /api/topics → 200 (2.4ms) IP=::1 UA=?
[2026-08-16 00:41:40] [INFO] dicebot: [GET] /api/stats/overview → 200 (7.0ms) IP=::1 UA=?
[2026-08-16 00:42:00] [INFO] dicebot: [POST] /api/online/heartbeat → 200 (1.4ms) IP=::1 UA=?
[2026-08-16 00:42:10] [INFO] dicebot: [GET] /api/online/users → 200 (0.0ms) IP=::1 UA=?
[2026-08-16 00:42:10] [INFO] dicebot: [GET] /api/community/boards → 200 (1.6ms) IP=::1 UA=?
[2026-08-16 00:42:10] [INFO] dicebot: [GET] /api/workshop/items → 200 (4.8ms) IP=::1 UA=?
[2026-08-16 00:42:20] [INFO] dicebot: [POST] /api/online/heartbeat → 200 (1.1ms) IP=::1 UA=?
[2026-08-16 00:42:40] [INFO] dicebot: [POST] /api/online/heartbeat → 200 (1.1ms) IP=::1 UA=?
[2026-08-16 00:42:40] [INFO] dicebot: [GET] /api/online/users → 200 (0.0ms) IP=::1 UA=?
[2026-08-16 00:42:40] [INFO] dicebot: [GET] /api/community/boards → 200 (8.6ms) IP=::1 UA=?
[2026-08-16 00:42:40] [INFO] dicebot: [GET] /api/topics → 200 (2.6ms) IP=::1 UA=?
[2026-08-16 00:42:40] [INFO] dicebot: [GET] /api/stats/overview → 200 (6.7ms) IP=::1 UA=?
[2026-08-16 00:42:40] [INFO] dicebot: [GET] /api/workshop/items → 200 (9.6ms) IP=::1 UA=?
[2026-08-16 00:43:00] [INFO] dicebot: [POST] /api/online/heartbeat → 200 (1.0ms) IP=::1 UA=?
[2026-08-16 00:43:10] [INFO] dicebot: [GET] /api/online/users → 200 (0.0ms) IP=::1 UA=?
[2026-08-16 00:43:10] [INFO] dicebot: [GET] /api/community/boards → 200 (1.6ms) IP=::1 UA=?
[2026-08-16 00:43:10] [INFO] dicebot: [GET] /api/workshop/items → 200 (3.4ms) IP=::1 UA=?
[2026-08-16 00:43:20] [INFO] dicebot: [POST] /api/online/heartbeat → 200 (1.1ms) IP=::1 UA=?
[2026-08-16 00:43:40] [INFO] dicebot: [GET] /api/online/users → 200 (0.0ms) IP=::1 UA=?
[2026-08-16 00:43:40] [INFO] dicebot: [GET] /api/community/boards → 200 (2.2ms) IP=::1 UA=?
[2026-08-16 00:43:40] [INFO] dicebot: [GET] /api/workshop/items → 200 (5.3ms) IP=::1 UA=?
[2026-08-16 00:43:40] [INFO] dicebot: [GET] /api/stats/overview → 200 (5.3ms) IP=::1 UA=?
[2026-08-16 00:43:40] [INFO] dicebot: [GET] /api/topics → 200 (2.0ms) IP=::1 UA=?
[2026-08-16 00:43:40] [INFO] dicebot: [POST] /api/online/heartbeat → 200 (1.9ms) IP=::1 UA=?
[2026-08-16 00:44:00] [INFO] dicebot: [POST] /api/online/heartbeat → 200 (1.0ms) IP=::1 UA=?
[2026-08-16 00:44:10] [INFO] dicebot: [GET] /api/workshop/items → 200 (2.8ms) IP=::1 UA=?
[2026-08-16 00:44:10] [INFO] dicebot: [GET] /api/community/boards → 200 (1.1ms) IP=::1 UA=?
[2026-08-16 00:44:10] [INFO] dicebot: [GET] /api/online/users → 200 (0.0ms) IP=::1 UA=?
[2026-08-16 00:44:20] [INFO] dicebot: [POST] /api/online/heartbeat → 200 (1.3ms) IP=::1 UA=?
[2026-08-16 00:44:40] [INFO] dicebot: [GET] /api/online/users → 200 (0.5ms) IP=::1 UA=?
[2026-08-16 00:44:40] [INFO] dicebot: [GET] /api/community/boards → 200 (1.8ms) IP=::1 UA=?
[2026-08-16 00:44:40] [INFO] dicebot: [GET] /api/topics → 200 (1.3ms) IP=::1 UA=?
[2026-08-16 00:44:40] [INFO] dicebot: [GET] /api/workshop/items → 200 (5.9ms) IP=::1 UA=?
[2026-08-16 00:44:40] [INFO] dicebot: [GET] /api/stats/overview → 200 (9.9ms) IP=::1 UA=?
[2026-08-16 00:44:40] [INFO] dicebot: [POST] /api/online/heartbeat → 200 (4.0ms) IP=::1 UA=?
[2026-08-16 00:45:00] [INFO] dicebot: [POST] /api/online/heartbeat → 200 (1.2ms) IP=::1 UA=?
[2026-08-16 00:45:10] [INFO] dicebot: [GET] /api/online/users → 200 (0.0ms) IP=::1 UA=?
[2026-08-16 00:45:10] [INFO] dicebot: [GET] /api/community/boards → 200 (1.5ms) IP=::1 UA=?
[2026-08-16 00:45:10] [INFO] dicebot: [GET] /api/workshop/items → 200 (3.6ms) IP=::1 UA=?
[2026-08-16 00:45:20] [INFO] dicebot: [POST] /api/online/heartbeat → 200 (1.1ms) IP=::1 UA=?
[2026-08-16 00:45:40] [INFO] dicebot: [GET] /api/online/users → 200 (0.1ms) IP=::1 UA=?
[2026-08-16 00:45:40] [INFO] dicebot: [GET] /api/community/boards → 200 (1.2ms) IP=::1 UA=?
[2026-08-16 00:45:40] [INFO] dicebot: [GET] /api/workshop/items → 200 (3.9ms) IP=::1 UA=?
[2026-08-16 00:45:40] [INFO] dicebot: [GET] /api/topics → 200 (1.3ms) IP=::1 UA=?
[2026-08-16 00:45:40] [INFO] dicebot: [GET] /api/stats/overview → 200 (4.2ms) IP=::1 UA=?
[2026-08-16 00:45:40] [INFO] dicebot: [POST] /api/online/heartbeat → 200 (1.1ms) IP=::1 UA=?
[2026-08-16 00:46:00] [INFO] dicebot: [POST] /api/online/heartbeat → 200 (1.3ms) IP=::1 UA=?
[2026-08-16 00:46:10] [INFO] dicebot: [GET] /api/online/users → 200 (0.0ms) IP=::1 UA=?
[2026-08-16 00:46:10] [INFO] dicebot: [GET] /api/community/boards → 200 (1.5ms) IP=::1 UA=?
[2026-08-16 00:46:10] [INFO] dicebot: [GET] /api/workshop/items → 200 (3.3ms) IP=::1 UA=?
[2026-08-16 00:46:20] [INFO] dicebot: [POST] /api/online/heartbeat → 200 (1.1ms) IP=::1 UA=?
[2026-08-16 00:46:40] [INFO] dicebot: [GET] /api/online/users → 200 (0.0ms) IP=::1 UA=?
[2026-08-16 00:46:40] [INFO] dicebot: [GET] /api/community/boards → 200 (1.5ms) IP=::1 UA=?
[2026-08-16 00:46:40] [INFO] dicebot: [GET] /api/stats/overview → 200 (2.6ms) IP=::1 UA=?
[2026-08-16 00:46:40] [INFO] dicebot: [GET] /api/workshop/items → 200 (4.2ms) IP=::1 UA=?
[2026-08-16 00:46:40] [INFO] dicebot: [GET] /api/topics → 200 (1.9ms) IP=::1 UA=?
[2026-08-16 00:46:40] [INFO] dicebot: [POST] /api/online/heartbeat → 200 (2.1ms) IP=::1 UA=?
[2026-08-16 00:47:00] [INFO] dicebot: [POST] /api/online/heartbeat → 200 (1.4ms) IP=::1 UA=?
[2026-08-16 00:47:10] [INFO] dicebot: [GET] /api/online/users → 200 (0.0ms) IP=::1 UA=?
[2026-08-16 00:47:10] [INFO] dicebot: [GET] /api/community/boards → 200 (1.1ms) IP=::1 UA=?
[2026-08-16 00:47:10] [INFO] dicebot: [GET] /api/workshop/items → 200 (3.9ms) IP=::1 UA=?
[2026-08-16 00:47:20] [INFO] dicebot: [POST] /api/online/heartbeat → 200 (1.2ms) IP=::1 UA=?
[2026-08-16 00:47:40] [INFO] dicebot: [POST] /api/online/heartbeat → 200 (1.1ms) IP=::1 UA=?
[2026-08-16 00:47:40] [INFO] dicebot: [GET] /api/online/users → 200 (0.0ms) IP=::1 UA=?
[2026-08-16 00:47:40] [INFO] dicebot: [GET] /api/community/boards → 200 (1.7ms) IP=::1 UA=?
[2026-08-16 00:47:40] [INFO] dicebot: [GET] /api/topics → 200 (1.1ms) IP=::1 UA=?
[2026-08-16 00:47:40] [INFO] dicebot: [GET] /api/stats/overview → 200 (5.2ms) IP=::1 UA=?
[2026-08-16 00:47:40] [INFO] dicebot: [GET] /api/workshop/items → 200 (6.8ms) IP=::1 UA=?
[2026-08-16 00:48:01] [INFO] dicebot: [POST] /api/online/heartbeat → 200 (1.1ms) IP=::1 UA=?
[2026-08-16 00:48:11] [INFO] dicebot: [GET] /api/online/users → 200 (0.0ms) IP=::1 UA=?
[2026-08-16 00:48:11] [INFO] dicebot: [GET] /api/community/boards → 200 (1.4ms) IP=::1 UA=?
[2026-08-16 00:48:11] [INFO] dicebot: [GET] /api/workshop/items → 200 (3.4ms) IP=::1 UA=?
[2026-08-16 00:48:21] [INFO] dicebot: [POST] /api/online/heartbeat → 200 (1.4ms) IP=::1 UA=?
[2026-08-16 00:48:41] [INFO] dicebot: [POST] /api/online/heartbeat → 200 (1.6ms) IP=::1 UA=?
[2026-08-16 00:48:41] [INFO] dicebot: [GET] /api/online/users → 200 (0.0ms) IP=::1 UA=?
[2026-08-16 00:48:41] [INFO] dicebot: [GET] /api/community/boards → 200 (1.6ms) IP=::1 UA=?
[2026-08-16 00:48:41] [INFO] dicebot: [GET] /api/topics → 200 (1.6ms) IP=::1 UA=?
[2026-08-16 00:48:41] [INFO] dicebot: [GET] /api/stats/overview → 200 (5.2ms) IP=::1 UA=?
[2026-08-16 00:48:41] [INFO] dicebot: [GET] /api/workshop/items → 200 (11.6ms) IP=::1 UA=?
[2026-08-16 00:49:11] [INFO] dicebot: [POST] /api/online/heartbeat → 200 (1.3ms) IP=::1 UA=?
[2026-08-16 00:49:11] [INFO] dicebot: [GET] /api/online/users → 200 (0.0ms) IP=::1 UA=?
[2026-08-16 00:49:11] [INFO] dicebot: [GET] /api/community/boards → 200 (1.6ms) IP=::1 UA=?
[2026-08-16 00:49:11] [INFO] dicebot: [GET] /api/workshop/items → 200 (4.6ms) IP=::1 UA=?
[2026-08-16 00:50:11] [INFO] dicebot: [GET] /api/online/users → 200 (0.0ms) IP=::1 UA=?
[2026-08-16 00:50:11] [INFO] dicebot: [POST] /api/online/heartbeat → 200 (1.9ms) IP=::1 UA=?
[2026-08-16 00:50:11] [INFO] dicebot: [GET] /api/community/boards → 200 (1.9ms) IP=::1 UA=?
[2026-08-16 00:50:11] [INFO] dicebot: [GET] /api/topics → 200 (1.1ms) IP=::1 UA=?
[2026-08-16 00:50:11] [INFO] dicebot: [GET] /api/stats/overview → 200 (7.0ms) IP=::1 UA=?
[2026-08-16 00:50:11] [INFO] dicebot: [GET] /api/workshop/items → 200 (10.2ms) IP=::1 UA=?
[2026-08-16 00:51:11] [INFO] dicebot: [GET] /api/online/users → 200 (0.0ms) IP=::1 UA=?
[2026-08-16 00:51:11] [INFO] dicebot: [POST] /api/online/heartbeat → 200 (1.6ms) IP=::1 UA=?
[2026-08-16 00:51:11] [INFO] dicebot: [GET] /api/community/boards → 200 (2.9ms) IP=::1 UA=?
[2026-08-16 00:51:11] [INFO] dicebot: [GET] /api/topics → 200 (3.2ms) IP=::1 UA=?
[2026-08-16 00:51:11] [INFO] dicebot: [GET] /api/stats/overview → 200 (6.8ms) IP=::1 UA=?
[2026-08-16 00:51:11] [INFO] dicebot: [GET] /api/workshop/items → 200 (9.0ms) IP=::1 UA=?
[2026-08-16 00:52:11] [INFO] dicebot: [GET] /api/online/users → 200 (0.0ms) IP=::1 UA=?
[2026-08-16 00:52:11] [INFO] dicebot: [POST] /api/online/heartbeat → 200 (1.4ms) IP=::1 UA=?
[2026-08-16 00:52:11] [INFO] dicebot: [GET] /api/community/boards → 200 (1.5ms) IP=::1 UA=?
[2026-08-16 00:52:11] [INFO] dicebot: [GET] /api/workshop/items → 200 (4.5ms) IP=::1 UA=?
[2026-08-16 00:52:11] [INFO] dicebot: [GET] /api/stats/overview → 200 (5.0ms) IP=::1 UA=?
[2026-08-16 00:52:11] [INFO] dicebot: [GET] /api/topics → 200 (0.9ms) IP=::1 UA=?
[2026-08-16 00:53:11] [INFO] dicebot: [GET] /api/online/users → 200 (0.1ms) IP=::1 UA=?
[2026-08-16 00:53:11] [INFO] dicebot: [POST] /api/online/heartbeat → 200 (3.9ms) IP=::1 UA=?
[2026-08-16 00:53:11] [INFO] dicebot: [GET] /api/community/boards → 200 (2.4ms) IP=::1 UA=?
[2026-08-16 00:53:11] [INFO] dicebot: [GET] /api/workshop/items → 200 (6.1ms) IP=::1 UA=?
[2026-08-16 00:53:11] [INFO] dicebot: [GET] /api/topics → 200 (1.8ms) IP=::1 UA=?
[2026-08-16 00:53:11] [INFO] dicebot: [GET] /api/stats/overview → 200 (7.2ms) IP=::1 UA=?
[2026-08-16 00:54:11] [INFO] dicebot: [POST] /api/online/heartbeat → 200 (1.2ms) IP=::1 UA=?
[2026-08-16 00:54:11] [INFO] dicebot: [GET] /api/online/users → 200 (0.0ms) IP=::1 UA=?
[2026-08-16 00:54:11] [INFO] dicebot: [GET] /api/community/boards → 200 (1.2ms) IP=::1 UA=?
[2026-08-16 00:54:11] [INFO] dicebot: [GET] /api/workshop/items → 200 (4.5ms) IP=::1 UA=?
[2026-08-16 00:54:11] [INFO] dicebot: [GET] /api/topics → 200 (1.7ms) IP=::1 UA=?
[2026-08-16 00:54:11] [INFO] dicebot: [GET] /api/stats/overview → 200 (3.3ms) IP=::1 UA=?
[2026-08-16 00:55:11] [INFO] dicebot: [GET] /api/online/users → 200 (0.0ms) IP=::1 UA=?
[2026-08-16 00:55:11] [INFO] dicebot: [POST] /api/online/heartbeat → 200 (2.3ms) IP=::1 UA=?
[2026-08-16 00:55:11] [INFO] dicebot: [GET] /api/community/boards → 200 (1.1ms) IP=::1 UA=?
[2026-08-16 00:55:11] [INFO] dicebot: [GET] /api/topics → 200 (1.4ms) IP=::1 UA=?
[2026-08-16 00:55:11] [INFO] dicebot: [GET] /api/stats/overview → 200 (4.1ms) IP=::1 UA=?
[2026-08-16 00:55:11] [INFO] dicebot: [GET] /api/workshop/items → 200 (6.1ms) IP=::1 UA=?
[2026-08-16 00:56:11] [INFO] dicebot: [GET] /api/online/users → 200 (0.0ms) IP=::1 UA=?
[2026-08-16 00:56:11] [INFO] dicebot: [POST] /api/online/heartbeat → 200 (2.2ms) IP=::1 UA=?
[2026-08-16 00:56:11] [INFO] dicebot: [GET] /api/community/boards → 200 (1.8ms) IP=::1 UA=?
[2026-08-16 00:56:11] [INFO] dicebot: [GET] /api/workshop/items → 200 (5.4ms) IP=::1 UA=?
[2026-08-16 00:56:11] [INFO] dicebot: [GET] /api/topics → 200 (1.3ms) IP=::1 UA=?
[2026-08-16 00:56:11] [INFO] dicebot: [GET] /api/stats/overview → 200 (7.2ms) IP=::1 UA=?
[2026-08-16 00:57:11] [INFO] dicebot: [POST] /api/online/heartbeat → 200 (1.3ms) IP=::1 UA=?
[2026-08-16 00:57:11] [INFO] dicebot: [GET] /api/online/users → 200 (0.0ms) IP=::1 UA=?
[2026-08-16 00:57:11] [INFO] dicebot: [GET] /api/community/boards → 200 (2.3ms) IP=::1 UA=?
[2026-08-16 00:57:11] [INFO] dicebot: [GET] /api/topics → 200 (1.5ms) IP=::1 UA=?
[2026-08-16 00:57:11] [INFO] dicebot: [GET] /api/stats/overview → 200 (5.5ms) IP=::1 UA=?
[2026-08-16 00:57:11] [INFO] dicebot: [GET] /api/workshop/items → 200 (6.6ms) IP=::1 UA=?
[2026-08-16 00:58:11] [INFO] dicebot: [GET] /api/online/users → 200 (0.0ms) IP=::1 UA=?
[2026-08-16 00:58:11] [INFO] dicebot: [POST] /api/online/heartbeat → 200 (1.3ms) IP=::1 UA=?
[2026-08-16 00:58:11] [INFO] dicebot: [GET] /api/community/boards → 200 (2.1ms) IP=::1 UA=?
[2026-08-16 00:58:11] [INFO] dicebot: [GET] /api/workshop/items → 200 (5.3ms) IP=::1 UA=?
[2026-08-16 00:58:11] [INFO] dicebot: [GET] /api/topics → 200 (1.2ms) IP=::1 UA=?
[2026-08-16 00:58:11] [INFO] dicebot: [GET] /api/stats/overview → 200 (6.8ms) IP=::1 UA=?
[2026-08-16 00:59:11] [INFO] dicebot: [GET] /api/online/users → 200 (0.0ms) IP=::1 UA=?
[2026-08-16 00:59:11] [INFO] dicebot: [POST] /api/online/heartbeat → 200 (2.0ms) IP=::1 UA=?
[2026-08-16 00:59:11] [INFO] dicebot: [GET] /api/community/boards → 200 (1.8ms) IP=::1 UA=?
[2026-08-16 00:59:11] [INFO] dicebot: [GET] /api/topics → 200 (1.4ms) IP=::1 UA=?
[2026-08-16 00:59:11] [INFO] dicebot: [GET] /api/stats/overview → 200 (4.8ms) IP=::1 UA=?
[2026-08-16 00:59:11] [INFO] dicebot: [GET] /api/workshop/items → 200 (5.6ms) IP=::1 UA=?
[2026-08-16 01:00:11] [INFO] dicebot: [GET] /api/online/users → 200 (0.1ms) IP=::1 UA=?
[2026-08-16 01:00:11] [INFO] dicebot: [POST] /api/online/heartbeat → 200 (1.7ms) IP=::1 UA=?
[2026-08-16 01:00:11] [INFO] dicebot: [GET] /api/community/boards → 200 (1.7ms) IP=::1 UA=?
[2026-08-16 01:00:11] [INFO] dicebot: [GET] /api/topics → 200 (1.2ms) IP=::1 UA=?
[2026-08-16 01:00:11] [INFO] dicebot: [GET] /api/stats/overview → 200 (4.7ms) IP=::1 UA=?
[2026-08-16 01:00:11] [INFO] dicebot: [GET] /api/workshop/items → 200 (7.3ms) IP=::1 UA=?
[2026-08-16 01:01:11] [INFO] dicebot: [GET] /api/online/users → 200 (0.1ms) IP=::1 UA=?
[2026-08-16 01:01:11] [INFO] dicebot: [POST] /api/online/heartbeat → 200 (1.5ms) IP=::1 UA=?
[2026-08-16 01:01:11] [INFO] dicebot: [GET] /api/community/boards → 200 (1.6ms) IP=::1 UA=?
[2026-08-16 01:01:11] [INFO] dicebot: [GET] /api/topics → 200 (3.0ms) IP=::1 UA=?
[2026-08-16 01:01:11] [INFO] dicebot: [GET] /api/stats/overview → 200 (9.2ms) IP=::1 UA=?
[2026-08-16 01:01:11] [INFO] dicebot: [GET] /api/workshop/items → 200 (9.2ms) IP=::1 UA=?
[2026-08-16 01:02:11] [INFO] dicebot: [GET] /api/online/users → 200 (0.2ms) IP=::1 UA=?
[2026-08-16 01:02:11] [INFO] dicebot: [POST] /api/online/heartbeat → 200 (1.8ms) IP=::1 UA=?
[2026-08-16 01:02:11] [INFO] dicebot: [GET] /api/topics → 200 (2.9ms) IP=::1 UA=?
[2026-08-16 01:02:11] [INFO] dicebot: [GET] /api/community/boards → 200 (4.3ms) IP=::1 UA=?
[2026-08-16 01:02:11] [INFO] dicebot: [GET] /api/stats/overview → 200 (5.4ms) IP=::1 UA=?
[2026-08-16 01:02:11] [INFO] dicebot: [GET] /api/workshop/items → 200 (4.0ms) IP=::1 UA=?
[2026-08-16 01:55:16] [INFO] dicebot: [POST] /api/online/heartbeat → 200 (101.1ms) IP=::1 UA=?
[2026-08-16 01:55:16] [INFO] dicebot: [GET] /api/online/users → 200 (0.1ms) IP=::1 UA=?
[2026-08-16 01:55:16] [INFO] dicebot: [GET] /api/community/boards → 200 (116.8ms) IP=::1 UA=?
[2026-08-16 01:55:16] [INFO] dicebot: [GET] /api/topics → 200 (124.6ms) IP=::1 UA=?
[2026-08-16 01:55:16] [INFO] dicebot: [GET] /api/workshop/items → 200 (203.1ms) IP=::1 UA=?
[2026-08-16 01:55:16] [INFO] dicebot: [GET] /api/stats/overview → 200 (203.0ms) IP=::1 UA=?
[2026-08-16 01:55:20] [INFO] dicebot: [POST] /api/online/heartbeat → 200 (1.3ms) IP=::1 UA=?
[2026-08-16 01:55:40] [INFO] dicebot: [GET] /api/online/users → 200 (0.0ms) IP=::1 UA=?
[2026-08-16 01:55:40] [INFO] dicebot: [POST] /api/online/heartbeat → 200 (5.3ms) IP=::1 UA=?
[2026-08-16 01:55:40] [INFO] dicebot: [GET] /api/community/boards → 200 (4.7ms) IP=::1 UA=?
[2026-08-16 01:55:40] [INFO] dicebot: [GET] /api/topics → 200 (3.0ms) IP=::1 UA=?
[2026-08-16 01:55:40] [INFO] dicebot: [GET] /api/stats/overview → 200 (16.5ms) IP=::1 UA=?
[2026-08-16 01:55:40] [INFO] dicebot: [GET] /api/workshop/items → 200 (20.8ms) IP=::1 UA=?
[2026-08-16 01:56:00] [INFO] dicebot: [POST] /api/online/heartbeat → 200 (1.2ms) IP=::1 UA=?
[2026-08-16 01:56:10] [INFO] dicebot: [GET] /api/online/users → 200 (0.0ms) IP=::1 UA=?
[2026-08-16 01:56:10] [INFO] dicebot: [GET] /api/community/boards → 200 (1.0ms) IP=::1 UA=?
[2026-08-16 01:56:10] [INFO] dicebot: [GET] /api/workshop/items → 200 (6.0ms) IP=::1 UA=?
[2026-08-16 01:56:20] [INFO] dicebot: [POST] /api/online/heartbeat → 200 (1.3ms) IP=::1 UA=?
[2026-08-16 01:56:40] [INFO] dicebot: [GET] /api/online/users → 200 (0.1ms) IP=::1 UA=?
[2026-08-16 01:56:40] [INFO] dicebot: [POST] /api/online/heartbeat → 200 (1.8ms) IP=::1 UA=?
[2026-08-16 01:56:40] [INFO] dicebot: [GET] /api/community/boards → 200 (2.0ms) IP=::1 UA=?
[2026-08-16 01:56:40] [INFO] dicebot: [GET] /api/topics → 200 (3.3ms) IP=::1 UA=?
[2026-08-16 01:56:40] [INFO] dicebot: [GET] /api/stats/overview → 200 (4.4ms) IP=::1 UA=?
[2026-08-16 01:56:40] [INFO] dicebot: [GET] /api/workshop/items → 200 (7.3ms) IP=::1 UA=?
[2026-08-16 01:57:00] [INFO] dicebot: [POST] /api/online/heartbeat → 200 (1.4ms) IP=::1 UA=?
[2026-08-16 01:57:10] [INFO] dicebot: [GET] /api/online/users → 200 (0.0ms) IP=::1 UA=?
[2026-08-16 01:57:10] [INFO] dicebot: [GET] /api/community/boards → 200 (1.6ms) IP=::1 UA=?
[2026-08-16 01:57:10] [INFO] dicebot: [GET] /api/workshop/items → 200 (6.2ms) IP=::1 UA=?
[2026-08-16 01:57:20] [INFO] dicebot: [POST] /api/online/heartbeat → 200 (1.2ms) IP=::1 UA=?
[2026-08-16 01:57:40] [INFO] dicebot: [GET] /api/online/users → 200 (0.0ms) IP=::1 UA=?
[2026-08-16 01:57:40] [INFO] dicebot: [POST] /api/online/heartbeat → 200 (1.8ms) IP=::1 UA=?
[2026-08-16 01:57:40] [INFO] dicebot: [GET] /api/topics → 200 (1.3ms) IP=::1 UA=?
[2026-08-16 01:57:40] [INFO] dicebot: [GET] /api/community/boards → 200 (4.3ms) IP=::1 UA=?
[2026-08-16 01:57:40] [INFO] dicebot: [GET] /api/stats/overview → 200 (11.9ms) IP=::1 UA=?
[2026-08-16 01:57:40] [INFO] dicebot: [GET] /api/workshop/items → 200 (16.9ms) IP=::1 UA=?
[2026-08-16 01:58:01] [INFO] dicebot: [POST] /api/online/heartbeat → 200 (1.3ms) IP=::1 UA=?
[2026-08-16 01:58:11] [INFO] dicebot: [GET] /api/online/users → 200 (0.0ms) IP=::1 UA=?
[2026-08-16 01:58:11] [INFO] dicebot: [GET] /api/community/boards → 200 (3.4ms) IP=::1 UA=?
[2026-08-16 01:58:11] [INFO] dicebot: [GET] /api/workshop/items → 200 (5.5ms) IP=::1 UA=?
[2026-08-16 01:58:21] [INFO] dicebot: [POST] /api/online/heartbeat → 200 (1.5ms) IP=::1 UA=?
[2026-08-16 01:58:41] [INFO] dicebot: [POST] /api/online/heartbeat → 200 (3.0ms) IP=::1 UA=?
[2026-08-16 01:58:41] [INFO] dicebot: [GET] /api/online/users → 200 (0.1ms) IP=::1 UA=?
[2026-08-16 01:58:41] [INFO] dicebot: [GET] /api/community/boards → 200 (2.0ms) IP=::1 UA=?
[2026-08-16 01:58:41] [INFO] dicebot: [GET] /api/workshop/items → 200 (7.5ms) IP=::1 UA=?
[2026-08-16 01:58:41] [INFO] dicebot: [GET] /api/topics → 200 (1.1ms) IP=::1 UA=?
[2026-08-16 01:58:41] [INFO] dicebot: [GET] /api/stats/overview → 200 (6.0ms) IP=::1 UA=?
[2026-08-16 01:59:11] [INFO] dicebot: [POST] /api/online/heartbeat → 200 (1.2ms) IP=::1 UA=?
[2026-08-16 01:59:11] [INFO] dicebot: [GET] /api/online/users → 200 (0.0ms) IP=::1 UA=?
[2026-08-16 01:59:11] [INFO] dicebot: [GET] /api/community/boards → 200 (0.9ms) IP=::1 UA=?
[2026-08-16 01:59:11] [INFO] dicebot: [GET] /api/workshop/items → 200 (2.3ms) IP=::1 UA=?
[2026-08-16 01:59:30] [INFO] dicebot: [POST] /api/online/heartbeat → 200 (1.1ms) IP=::1 UA=?
[2026-08-16 01:59:41] [INFO] dicebot: [POST] /api/online/heartbeat → 200 (1.2ms) IP=::1 UA=?
[2026-08-16 01:59:41] [INFO] dicebot: [GET] /api/online/users → 200 (0.0ms) IP=::1 UA=?
[2026-08-16 01:59:41] [INFO] dicebot: [GET] /api/topics → 200 (3.2ms) IP=::1 UA=?
[2026-08-16 01:59:41] [INFO] dicebot: [GET] /api/community/boards → 200 (1.5ms) IP=::1 UA=?
[2026-08-16 01:59:41] [INFO] dicebot: [GET] /api/workshop/items → 200 (4.7ms) IP=::1 UA=?
[2026-08-16 01:59:41] [INFO] dicebot: [GET] /api/stats/overview → 200 (5.8ms) IP=::1 UA=?
[2026-08-16 02:00:01] [INFO] dicebot: [POST] /api/online/heartbeat → 200 (1.1ms) IP=::1 UA=?
[2026-08-16 02:00:11] [INFO] dicebot: [GET] /api/online/users → 200 (0.1ms) IP=::1 UA=?
[2026-08-16 02:00:11] [INFO] dicebot: [GET] /api/community/boards → 200 (1.8ms) IP=::1 UA=?
[2026-08-16 02:00:11] [INFO] dicebot: [GET] /api/workshop/items → 200 (3.2ms) IP=::1 UA=?
[2026-08-16 02:00:21] [INFO] dicebot: [POST] /api/online/heartbeat → 200 (3.0ms) IP=::1 UA=?
[2026-08-16 02:01:11] [INFO] dicebot: [GET] /api/online/users → 200 (0.1ms) IP=::1 UA=?
[2026-08-16 02:01:11] [INFO] dicebot: [GET] /api/community/boards → 200 (2.4ms) IP=::1 UA=?
[2026-08-16 02:01:11] [INFO] dicebot: [POST] /api/online/heartbeat → 200 (2.4ms) IP=::1 UA=?
[2026-08-16 02:01:11] [INFO] dicebot: [GET] /api/topics → 200 (2.5ms) IP=::1 UA=?
[2026-08-16 02:01:11] [INFO] dicebot: [GET] /api/stats/overview → 200 (7.2ms) IP=::1 UA=?
[2026-08-16 02:01:11] [INFO] dicebot: [GET] /api/workshop/items → 200 (10.6ms) IP=::1 UA=?
[2026-08-16 02:01:20] [INFO] dicebot: [POST] /api/online/heartbeat → 200 (1.3ms) IP=::1 UA=?
[2026-08-16 02:01:41] [INFO] dicebot: [GET] /api/online/users → 200 (0.0ms) IP=::1 UA=?
[2026-08-16 02:01:41] [INFO] dicebot: [POST] /api/online/heartbeat → 200 (1.5ms) IP=::1 UA=?
[2026-08-16 02:01:41] [INFO] dicebot: [GET] /api/community/boards → 200 (1.1ms) IP=::1 UA=?
[2026-08-16 02:01:41] [INFO] dicebot: [GET] /api/workshop/items → 200 (5.4ms) IP=::1 UA=?
[2026-08-16 02:01:41] [INFO] dicebot: [GET] /api/topics → 200 (3.3ms) IP=::1 UA=?
[2026-08-16 02:01:41] [INFO] dicebot: [GET] /api/stats/overview → 200 (4.8ms) IP=::1 UA=?
[2026-08-16 02:02:01] [INFO] dicebot: [POST] /api/online/heartbeat → 200 (1.1ms) IP=::1 UA=?
[2026-08-16 02:02:10] [INFO] dicebot: [GET] /api/online/users → 200 (0.0ms) IP=::1 UA=?
[2026-08-16 02:02:10] [INFO] dicebot: [GET] /api/community/boards → 200 (1.8ms) IP=::1 UA=?
[2026-08-16 02:02:10] [INFO] dicebot: [GET] /api/workshop/items → 200 (2.7ms) IP=::1 UA=?
[2026-08-16 02:02:21] [INFO] dicebot: [POST] /api/online/heartbeat → 200 (2.3ms) IP=::1 UA=?
[2026-08-16 02:02:40] [INFO] dicebot: [GET] /api/online/users → 200 (0.1ms) IP=::1 UA=?
[2026-08-16 02:02:40] [INFO] dicebot: [GET] /api/community/boards → 200 (2.3ms) IP=::1 UA=?
[2026-08-16 02:02:40] [INFO] dicebot: [GET] /api/topics → 200 (1.3ms) IP=::1 UA=?
[2026-08-16 02:02:40] [INFO] dicebot: [GET] /api/stats/overview → 200 (4.5ms) IP=::1 UA=?
[2026-08-16 02:02:40] [INFO] dicebot: [GET] /api/workshop/items → 200 (7.4ms) IP=::1 UA=?
[2026-08-16 02:02:40] [INFO] dicebot: [POST] /api/online/heartbeat → 200 (2.0ms) IP=::1 UA=?
[2026-08-16 02:03:00] [INFO] dicebot: [POST] /api/online/heartbeat → 200 (1.4ms) IP=::1 UA=?
[2026-08-16 02:03:11] [INFO] dicebot: [GET] /api/online/users → 200 (0.0ms) IP=::1 UA=?
[2026-08-16 02:03:11] [INFO] dicebot: [GET] /api/community/boards → 200 (2.9ms) IP=::1 UA=?
[2026-08-16 02:03:11] [INFO] dicebot: [GET] /api/workshop/items → 200 (3.7ms) IP=::1 UA=?
[2026-08-16 02:03:21] [INFO] dicebot: [POST] /api/online/heartbeat → 200 (1.2ms) IP=::1 UA=?
[2026-08-16 02:03:41] [INFO] dicebot: [POST] /api/online/heartbeat → 200 (1.7ms) IP=::1 UA=?
[2026-08-16 02:03:41] [INFO] dicebot: [GET] /api/online/users → 200 (0.0ms) IP=::1 UA=?
[2026-08-16 02:03:41] [INFO] dicebot: [GET] /api/workshop/items → 200 (3.6ms) IP=::1 UA=?
[2026-08-16 02:03:41] [INFO] dicebot: [GET] /api/community/boards → 200 (2.7ms) IP=::1 UA=?
[2026-08-16 02:03:41] [INFO] dicebot: [GET] /api/topics → 200 (1.0ms) IP=::1 UA=?
[2026-08-16 02:03:41] [INFO] dicebot: [GET] /api/stats/overview → 200 (4.3ms) IP=::1 UA=?
[2026-08-16 02:04:11] [INFO] dicebot: [GET] /api/online/users → 200 (0.0ms) IP=::1 UA=?
[2026-08-16 02:04:11] [INFO] dicebot: [POST] /api/online/heartbeat → 200 (1.6ms) IP=::1 UA=?
[2026-08-16 02:04:11] [INFO] dicebot: [GET] /api/community/boards → 200 (1.1ms) IP=::1 UA=?
[2026-08-16 02:04:11] [INFO] dicebot: [GET] /api/workshop/items → 200 (3.5ms) IP=::1 UA=?
[2026-08-16 02:04:21] [INFO] dicebot: [POST] /api/online/heartbeat → 200 (1.2ms) IP=::1 UA=?
[2026-08-16 02:04:41] [INFO] dicebot: [POST] /api/online/heartbeat → 200 (1.5ms) IP=::1 UA=?
[2026-08-16 02:04:41] [INFO] dicebot: [GET] /api/online/users → 200 (0.0ms) IP=::1 UA=?
[2026-08-16 02:04:41] [INFO] dicebot: [GET] /api/community/boards → 200 (2.8ms) IP=::1 UA=?
[2026-08-16 02:04:41] [INFO] dicebot: [GET] /api/topics → 200 (1.3ms) IP=::1 UA=?
[2026-08-16 02:04:41] [INFO] dicebot: [GET] /api/workshop/items → 200 (5.6ms) IP=::1 UA=?
[2026-08-16 02:04:41] [INFO] dicebot: [GET] /api/stats/overview → 200 (6.6ms) IP=::1 UA=?
[2026-08-16 02:05:01] [INFO] dicebot: [POST] /api/online/heartbeat → 200 (1.3ms) IP=::1 UA=?
[2026-08-16 02:05:10] [INFO] dicebot: [GET] /api/online/users → 200 (0.0ms) IP=::1 UA=?
[2026-08-16 02:05:10] [INFO] dicebot: [GET] /api/community/boards → 200 (1.2ms) IP=::1 UA=?
[2026-08-16 02:05:10] [INFO] dicebot: [GET] /api/workshop/items → 200 (4.6ms) IP=::1 UA=?
[2026-08-16 02:05:20] [INFO] dicebot: [POST] /api/online/heartbeat → 200 (1.1ms) IP=::1 UA=?
[2026-08-16 02:05:41] [INFO] dicebot: [POST] /api/online/heartbeat → 200 (1.1ms) IP=::1 UA=?
[2026-08-16 02:05:41] [INFO] dicebot: [GET] /api/online/users → 200 (0.0ms) IP=::1 UA=?
[2026-08-16 02:05:41] [INFO] dicebot: [GET] /api/community/boards → 200 (2.0ms) IP=::1 UA=?
[2026-08-16 02:05:41] [INFO] dicebot: [GET] /api/stats/overview → 200 (4.6ms) IP=::1 UA=?
[2026-08-16 02:05:41] [INFO] dicebot: [GET] /api/workshop/items → 200 (4.9ms) IP=::1 UA=?
[2026-08-16 02:05:41] [INFO] dicebot: [GET] /api/topics → 200 (3.8ms) IP=::1 UA=?
[2026-08-16 02:06:01] [INFO] dicebot: [POST] /api/online/heartbeat → 200 (1.2ms) IP=::1 UA=?
[2026-08-16 02:06:11] [INFO] dicebot: [GET] /api/online/users → 200 (0.0ms) IP=::1 UA=?
[2026-08-16 02:06:11] [INFO] dicebot: [GET] /api/community/boards → 200 (1.2ms) IP=::1 UA=?
[2026-08-16 02:06:11] [INFO] dicebot: [GET] /api/workshop/items → 200 (2.4ms) IP=::1 UA=?
[2026-08-16 02:06:20] [INFO] dicebot: [POST] /api/online/heartbeat → 200 (1.5ms) IP=::1 UA=?
[2026-08-16 02:06:41] [INFO] dicebot: [GET] /api/online/users → 200 (0.0ms) IP=::1 UA=?
[2026-08-16 02:06:41] [INFO] dicebot: [GET] /api/community/boards → 200 (1.8ms) IP=::1 UA=?
[2026-08-16 02:06:41] [INFO] dicebot: [POST] /api/online/heartbeat → 200 (1.1ms) IP=::1 UA=?
[2026-08-16 02:06:41] [INFO] dicebot: [GET] /api/workshop/items → 200 (2.6ms) IP=::1 UA=?
[2026-08-16 02:06:41] [INFO] dicebot: [GET] /api/stats/overview → 200 (4.5ms) IP=::1 UA=?
[2026-08-16 02:06:41] [INFO] dicebot: [GET] /api/topics → 200 (3.6ms) IP=::1 UA=?
[2026-08-16 02:07:01] [INFO] dicebot: [POST] /api/online/heartbeat → 200 (1.1ms) IP=::1 UA=?
[2026-08-16 02:07:11] [INFO] dicebot: [GET] /api/online/users → 200 (0.0ms) IP=::1 UA=?
[2026-08-16 02:07:11] [INFO] dicebot: [GET] /api/community/boards → 200 (2.0ms) IP=::1 UA=?
[2026-08-16 02:07:11] [INFO] dicebot: [GET] /api/workshop/items → 200 (3.0ms) IP=::1 UA=?
[2026-08-16 02:07:21] [INFO] dicebot: [POST] /api/online/heartbeat → 200 (1.3ms) IP=::1 UA=?
[2026-08-16 02:07:41] [INFO] dicebot: [GET] /api/online/users → 200 (0.0ms) IP=::1 UA=?
[2026-08-16 02:07:41] [INFO] dicebot: [POST] /api/online/heartbeat → 200 (1.9ms) IP=::1 UA=?
[2026-08-16 02:07:41] [INFO] dicebot: [GET] /api/community/boards → 200 (3.3ms) IP=::1 UA=?
[2026-08-16 02:07:41] [INFO] dicebot: [GET] /api/topics → 200 (1.5ms) IP=::1 UA=?
[2026-08-16 02:07:41] [INFO] dicebot: [GET] /api/stats/overview → 200 (3.9ms) IP=::1 UA=?
[2026-08-16 02:07:41] [INFO] dicebot: [GET] /api/workshop/items → 200 (6.3ms) IP=::1 UA=?
[2026-08-16 02:08:11] [INFO] dicebot: [GET] /api/online/users → 200 (0.0ms) IP=::1 UA=?
[2026-08-16 02:08:11] [INFO] dicebot: [POST] /api/online/heartbeat → 200 (1.5ms) IP=::1 UA=?
[2026-08-16 02:08:11] [INFO] dicebot: [GET] /api/community/boards → 200 (2.0ms) IP=::1 UA=?
[2026-08-16 02:08:11] [INFO] dicebot: [GET] /api/workshop/items → 200 (3.0ms) IP=::1 UA=?
[2026-08-16 02:09:11] [INFO] dicebot: [GET] /api/online/users → 200 (0.0ms) IP=::1 UA=?
[2026-08-16 02:09:11] [INFO] dicebot: [POST] /api/online/heartbeat → 200 (2.7ms) IP=::1 UA=?
[2026-08-16 02:09:11] [INFO] dicebot: [GET] /api/community/boards → 200 (1.8ms) IP=::1 UA=?
[2026-08-16 02:09:11] [INFO] dicebot: [GET] /api/topics → 200 (1.9ms) IP=::1 UA=?
[2026-08-16 02:09:11] [INFO] dicebot: [GET] /api/stats/overview → 200 (5.0ms) IP=::1 UA=?
[2026-08-16 02:09:11] [INFO] dicebot: [GET] /api/workshop/items → 200 (7.2ms) IP=::1 UA=?
[2026-08-16 02:10:11] [INFO] dicebot: [GET] /api/online/users → 200 (0.0ms) IP=::1 UA=?
[2026-08-16 02:10:11] [INFO] dicebot: [POST] /api/online/heartbeat → 200 (2.3ms) IP=::1 UA=?
[2026-08-16 02:10:11] [INFO] dicebot: [GET] /api/community/boards → 200 (2.7ms) IP=::1 UA=?
[2026-08-16 02:10:11] [INFO] dicebot: [GET] /api/topics → 200 (2.0ms) IP=::1 UA=?
[2026-08-16 02:10:11] [INFO] dicebot: [GET] /api/stats/overview → 200 (6.0ms) IP=::1 UA=?
[2026-08-16 02:10:11] [INFO] dicebot: [GET] /api/workshop/items → 200 (7.9ms) IP=::1 UA=?
[2026-08-16 02:11:11] [INFO] dicebot: [GET] /api/online/users → 200 (0.0ms) IP=::1 UA=?
[2026-08-16 02:11:11] [INFO] dicebot: [POST] /api/online/heartbeat → 200 (2.2ms) IP=::1 UA=?
[2026-08-16 02:11:11] [INFO] dicebot: [GET] /api/community/boards → 200 (2.6ms) IP=::1 UA=?
[2026-08-16 02:11:11] [INFO] dicebot: [GET] /api/topics → 200 (19.7ms) IP=::1 UA=?
[2026-08-16 02:11:11] [INFO] dicebot: [GET] /api/stats/overview → 200 (21.2ms) IP=::1 UA=?
[2026-08-16 02:11:11] [INFO] dicebot: [GET] /api/workshop/items → 200 (26.1ms) IP=::1 UA=?
[2026-08-16 02:12:11] [INFO] dicebot: [POST] /api/online/heartbeat → 200 (1.6ms) IP=::1 UA=?
[2026-08-16 02:12:11] [INFO] dicebot: [GET] /api/online/users → 200 (0.0ms) IP=::1 UA=?
[2026-08-16 02:12:11] [INFO] dicebot: [GET] /api/community/boards → 200 (3.7ms) IP=::1 UA=?
[2026-08-16 02:12:11] [INFO] dicebot: [GET] /api/topics → 200 (2.6ms) IP=::1 UA=?
[2026-08-16 02:12:11] [INFO] dicebot: [GET] /api/stats/overview → 200 (6.7ms) IP=::1 UA=?
[2026-08-16 02:12:11] [INFO] dicebot: [GET] /api/workshop/items → 200 (8.9ms) IP=::1 UA=?
[2026-08-16 02:17:39] [INFO] dicebot.mod_loader: 加载Mod: dicebot-mod v2.1.0 — 骰娘动态掷骰Mod (FastAPI)
[2026-08-16 02:17:39] [INFO] dicebot.mod.dicebot-mod: 骰娘动态掷骰Mod 已注册 (FastAPI: http://localhost:8001)
[2026-08-16 02:17:39] [INFO] dicebot.mod.dicebot-mod:   状态: /api/mod/dicebot-mod/status
[2026-08-16 02:17:39] [INFO] dicebot.mod.dicebot-mod:   启动: POST /api/mod/dicebot-mod/start
[2026-08-16 02:17:39] [INFO] dicebot.mod.dicebot-mod:   掷骰: POST /api/mod/dicebot-mod/roll
[2026-08-16 02:17:39] [INFO] dicebot.mod_loader:   路由已注册: /api/mod/dicebot-mod
[2026-08-16 02:17:39] [INFO] dicebot.mod_loader: Mod加载成功: dicebot-mod
[2026-08-16 02:17:39] [INFO] dicebot.mod_loader: 加载Mod: example-hello v1.0.0 — 示例Mod - Hello
[2026-08-16 02:17:39] [INFO] dicebot.mod_loader:   路由已注册: /api/mod/example-hello
[2026-08-16 02:17:39] [INFO] dicebot.mod_loader: Mod加载成功: example-hello
[2026-08-16 02:17:39] [INFO] dicebot: Flask 请求日志中间件已安装
[2026-08-16 02:17:39] [INFO] dicebot: 尘封之卷 Web 服务器启动中...
[2026-08-16 02:17:40] [INFO] dicebot: 已监听 IPv6 ::1（加速 localhost 访问）
[2026-08-16 02:17:58] [INFO] dicebot: 新用户注册: NotifyA0816 (notifya@test.com)
[2026-08-16 02:17:58] [INFO] dicebot: [POST] /api/auth/register → 200 (128.6ms) IP=::1 UA=?
[2026-08-16 02:17:58] [INFO] dicebot: 新用户注册: NotifyB0816 (notifyb@test.com)
[2026-08-16 02:17:58] [INFO] dicebot: [POST] /api/auth/register → 200 (86.0ms) IP=::1 UA=?
[2026-08-16 02:17:58] [INFO] dicebot: [POST] /api/community/posts → 200 (61.0ms) IP=::1 UA=?
[2026-08-16 02:17:58] [INFO] dicebot: [POST] /api/community/posts/3/comments → 200 (11.0ms) IP=::1 UA=?
[2026-08-16 02:18:10] [INFO] dicebot: [POST] /api/auth/login → 200 (89.8ms) IP=::1 UA=?
[2026-08-16 02:18:10] [INFO] dicebot: [POST] /api/auth/login → 200 (82.9ms) IP=::1 UA=?
[2026-08-16 02:18:10] [INFO] dicebot: [POST] /api/community/posts/3/like → 500 (13.0ms) IP=::1 UA=?
[2026-08-16 02:18:10] [ERROR] dicebot: 服务端错误: [POST] /api/community/posts/3/like → 500
[2026-08-16 02:18:45] [INFO] dicebot.mod_loader: 加载Mod: dicebot-mod v2.1.0 — 骰娘动态掷骰Mod (FastAPI)
[2026-08-16 02:18:45] [INFO] dicebot.mod.dicebot-mod: 骰娘动态掷骰Mod 已注册 (FastAPI: http://localhost:8001)
[2026-08-16 02:18:45] [INFO] dicebot.mod.dicebot-mod:   状态: /api/mod/dicebot-mod/status
[2026-08-16 02:18:45] [INFO] dicebot.mod.dicebot-mod:   启动: POST /api/mod/dicebot-mod/start
[2026-08-16 02:18:45] [INFO] dicebot.mod.dicebot-mod:   掷骰: POST /api/mod/dicebot-mod/roll
[2026-08-16 02:18:45] [INFO] dicebot.mod_loader:   路由已注册: /api/mod/dicebot-mod
[2026-08-16 02:18:45] [INFO] dicebot.mod_loader: Mod加载成功: dicebot-mod
[2026-08-16 02:18:45] [INFO] dicebot.mod_loader: 加载Mod: example-hello v1.0.0 — 示例Mod - Hello
[2026-08-16 02:18:45] [INFO] dicebot.mod_loader:   路由已注册: /api/mod/example-hello
[2026-08-16 02:18:45] [INFO] dicebot.mod_loader: Mod加载成功: example-hello
[2026-08-16 02:18:45] [INFO] dicebot: Flask 请求日志中间件已安装
[2026-08-16 02:18:45] [INFO] dicebot: 尘封之卷 Web 服务器启动中...
[2026-08-16 02:18:46] [INFO] dicebot: 已监听 IPv6 ::1（加速 localhost 访问）
[2026-08-16 02:18:51] [INFO] dicebot: [GET] /api/notifications/unread-count → 200 (0.1ms) IP=::1 UA=?
[2026-08-16 02:19:00] [INFO] dicebot: [POST] /api/auth/login → 200 (110.2ms) IP=::1 UA=?
[2026-08-16 02:19:00] [INFO] dicebot: [POST] /api/auth/login → 200 (71.4ms) IP=::1 UA=?
[2026-08-16 02:19:00] [INFO] dicebot: [POST] /api/community/posts/3/like → 500 (1.3ms) IP=::1 UA=?
[2026-08-16 02:19:00] [ERROR] dicebot: 服务端错误: [POST] /api/community/posts/3/like → 500
[2026-08-16 02:19:48] [INFO] dicebot.mod_loader: 加载Mod: dicebot-mod v2.1.0 — 骰娘动态掷骰Mod (FastAPI)
[2026-08-16 02:19:48] [INFO] dicebot.mod.dicebot-mod: 骰娘动态掷骰Mod 已注册 (FastAPI: http://localhost:8001)
[2026-08-16 02:19:48] [INFO] dicebot.mod.dicebot-mod:   状态: /api/mod/dicebot-mod/status
[2026-08-16 02:19:48] [INFO] dicebot.mod.dicebot-mod:   启动: POST /api/mod/dicebot-mod/start
[2026-08-16 02:19:48] [INFO] dicebot.mod.dicebot-mod:   掷骰: POST /api/mod/dicebot-mod/roll
[2026-08-16 02:19:48] [INFO] dicebot.mod_loader:   路由已注册: /api/mod/dicebot-mod
[2026-08-16 02:19:48] [INFO] dicebot.mod_loader: Mod加载成功: dicebot-mod
[2026-08-16 02:19:48] [INFO] dicebot.mod_loader: 加载Mod: example-hello v1.0.0 — 示例Mod - Hello
[2026-08-16 02:19:48] [INFO] dicebot.mod_loader:   路由已注册: /api/mod/example-hello
[2026-08-16 02:19:48] [INFO] dicebot.mod_loader: Mod加载成功: example-hello
[2026-08-16 02:19:48] [INFO] dicebot: Flask 请求日志中间件已安装
[2026-08-16 02:19:48] [INFO] dicebot: 尘封之卷 Web 服务器启动中...
[2026-08-16 02:19:49] [INFO] dicebot: 已监听 IPv6 ::1（加速 localhost 访问）
[2026-08-16 02:19:55] [INFO] dicebot: [POST] /api/auth/login → 200 (116.9ms) IP=::1 UA=?
[2026-08-16 02:19:55] [INFO] dicebot: [POST] /api/auth/login → 200 (96.9ms) IP=::1 UA=?
[2026-08-16 02:19:55] [INFO] dicebot: [POST] /api/community/posts/3/like → 200 (10.6ms) IP=::1 UA=?
[2026-08-16 02:19:55] [INFO] dicebot: [POST] /api/community/posts/3/comments → 200 (52.2ms) IP=::1 UA=?
[2026-08-16 02:19:55] [INFO] dicebot: [POST] /api/workshop/items/1/like → 200 (12.3ms) IP=::1 UA=?
[2026-08-16 02:19:55] [INFO] dicebot: [GET] /api/notifications → 200 (3.4ms) IP=::1 UA=?
[2026-08-16 02:19:55] [INFO] dicebot: [GET] /api/notifications/unread-count → 200 (3.6ms) IP=::1 UA=?
[2026-08-16 02:19:55] [INFO] dicebot: [POST] /api/notifications/read → 200 (1.8ms) IP=::1 UA=?
[2026-08-16 02:19:55] [INFO] dicebot: [GET] /api/notifications/unread-count → 200 (1.2ms) IP=::1 UA=?
[2026-08-16 02:19:55] [INFO] dicebot: [GET] /api/notifications → 200 (1.1ms) IP=::1 UA=?
[2026-08-16 02:20:06] [INFO] dicebot: [GET] /api/auth/me → 401 (0.0ms) IP=::1 UA=?
[2026-08-16 02:20:06] [INFO] dicebot: [POST] /api/online/heartbeat → 200 (0.1ms) IP=::1 UA=?
[2026-08-16 02:20:08] [INFO] dicebot: [GET] /api/tavern/chat/messages → 200 (0.1ms) IP=::1 UA=?
[2026-08-16 02:20:08] [INFO] dicebot: [GET] /api/tavern/chat/messages → 200 (0.1ms) IP=::1 UA=?
[2026-08-16 02:20:10] [INFO] dicebot: [GET] /api/tavern/chat/messages → 200 (0.1ms) IP=::1 UA=?
[2026-08-16 02:20:10] [INFO] dicebot: [GET] /api/tavern/chat/messages → 200 (0.1ms) IP=::1 UA=?
[2026-08-16 02:20:12] [INFO] dicebot: [GET] /api/tavern/chat/messages → 200 (0.1ms) IP=::1 UA=?
[2026-08-16 02:20:12] [INFO] dicebot: [GET] /api/tavern/chat/messages → 200 (0.1ms) IP=::1 UA=?
[2026-08-16 02:20:15] [INFO] dicebot: [GET] /api/auth/me → 401 (0.1ms) IP=::1 UA=?
[2026-08-16 02:20:15] [INFO] dicebot: [GET] /api/community/boards → 200 (2.5ms) IP=::1 UA=?
[2026-08-16 02:20:15] [INFO] dicebot: [GET] /api/online/users → 200 (0.1ms) IP=::1 UA=?
[2026-08-16 02:20:15] [INFO] dicebot: [GET] /api/auth/me → 401 (0.1ms) IP=::1 UA=?
[2026-08-16 02:20:15] [INFO] dicebot: [GET] /api/workshop/items → 200 (10.5ms) IP=::1 UA=?
[2026-08-16 02:20:15] [INFO] dicebot: [GET] /api/stats/overview → 200 (13.9ms) IP=::1 UA=?
[2026-08-16 02:20:15] [INFO] dicebot: [GET] /api/announcements → 200 (6.1ms) IP=::1 UA=?
[2026-08-16 02:20:15] [INFO] dicebot: [GET] /api/topics → 200 (62.7ms) IP=::1 UA=?
[2026-08-16 02:20:15] [INFO] dicebot: [POST] /api/online/heartbeat → 200 (0.2ms) IP=::1 UA=?
[2026-08-16 02:20:20] [INFO] dicebot: [GET] /api/community/boards → 200 (1.2ms) IP=::1 UA=?
[2026-08-16 02:20:20] [INFO] dicebot: [GET] /api/topics → 200 (3.1ms) IP=::1 UA=?
[2026-08-16 02:20:22] [INFO] dicebot: [GET] /api/community/boards/discuss/threads → 200 (10.1ms) IP=::1 UA=?
[2026-08-16 02:20:22] [INFO] dicebot: [GET] /api/users/avatars → 200 (2.1ms) IP=::1 UA=?
[2026-08-16 02:20:23] [INFO] dicebot: [GET] /api/workshop/items → 200 (4.9ms) IP=::1 UA=?
[2026-08-16 02:20:27] [INFO] dicebot: [POST] /api/online/heartbeat → 200 (0.2ms) IP=::1 UA=?
[2026-08-16 02:20:27] [INFO] dicebot: [GET] /api/announcements/history → 200 (3.3ms) IP=::1 UA=?
[2026-08-16 02:20:52] [INFO] dicebot: [GET] /api/chat/messages → 200 (0.2ms) IP=::1 UA=?
[2026-08-16 02:20:57] [INFO] dicebot: [GET] /api/auth/me → 401 (0.1ms) IP=::1 UA=?
[2026-08-16 02:20:57] [INFO] dicebot: [GET] /api/dm-status → 200 (0.1ms) IP=::1 UA=?
[2026-08-16 02:20:57] [INFO] dicebot: [GET] /api/chat/messages → 200 (0.4ms) IP=::1 UA=?
[2026-08-16 02:20:57] [INFO] dicebot: [GET] /api/combat-state → 200 (0.3ms) IP=::1 UA=?
[2026-08-16 02:20:59] [INFO] dicebot: [GET] /api/auth/me → 401 (0.1ms) IP=::1 UA=?
[2026-08-16 02:20:59] [INFO] dicebot: [POST] /api/online/heartbeat → 200 (0.1ms) IP=::1 UA=?
[2026-08-16 02:21:01] [INFO] dicebot: [GET] /api/tavern/chat/messages → 200 (0.1ms) IP=::1 UA=?
[2026-08-16 02:21:01] [INFO] dicebot: [GET] /api/tavern/chat/messages → 200 (0.1ms) IP=::1 UA=?
[2026-08-16 02:21:03] [INFO] dicebot: [GET] /api/tavern/chat/messages → 200 (0.1ms) IP=::1 UA=?
[2026-08-16 02:21:03] [INFO] dicebot: [GET] /api/tavern/chat/messages → 200 (0.1ms) IP=::1 UA=?
[2026-08-16 02:21:06] [INFO] dicebot: [GET] /api/auth/me → 401 (0.1ms) IP=::1 UA=?
[2026-08-16 02:21:06] [INFO] dicebot: [GET] /api/announcements → 200 (1.3ms) IP=::1 UA=?
[2026-08-16 02:21:06] [INFO] dicebot: [POST] /api/online/heartbeat → 200 (0.1ms) IP=::1 UA=?
[2026-08-16 02:21:10] [INFO] dicebot: [POST] /api/auth/login → 200 (96.7ms) IP=::1 UA=?
[2026-08-16 02:21:10] [INFO] dicebot: [POST] /api/online/leave → 200 (0.2ms) IP=::1 UA=?
[2026-08-16 02:21:10] [INFO] dicebot: [POST] /api/online/leave → 200 (0.1ms) IP=::1 UA=?
[2026-08-16 02:21:10] [INFO] dicebot: [POST] /api/online/heartbeat → 200 (2.4ms) IP=::1 UA=?
[2026-08-16 02:21:10] [INFO] dicebot: [GET] /api/auth/me → 200 (5.1ms) IP=::1 UA=?
[2026-08-16 02:21:10] [INFO] dicebot: [GET] /api/announcements → 200 (2.8ms) IP=::1 UA=?
[2026-08-16 02:21:10] [INFO] dicebot: [GET] /api/favorites → 200 (3.5ms) IP=::1 UA=?
[2026-08-16 02:21:10] [INFO] dicebot: [GET] /api/notifications → 200 (3.4ms) IP=::1 UA=?
[2026-08-16 02:21:10] [INFO] dicebot: [GET] /api/notifications/unread-count → 200 (3.3ms) IP=::1 UA=?
[2026-08-16 02:21:10] [INFO] dicebot: [GET] /api/my/comments → 200 (60.5ms) IP=::1 UA=?
[2026-08-16 02:21:38] [INFO] dicebot: [GET] /api/chat/messages → 200 (0.3ms) IP=::1 UA=?
[2026-08-16 02:21:41] [INFO] dicebot: [POST] /api/online/heartbeat → 200 (0.1ms) IP=::1 UA=?
[2026-08-16 02:21:41] [INFO] dicebot: [GET] /api/auth/me → 401 (0.5ms) IP=::1 UA=?
[2026-08-16 02:21:41] [INFO] dicebot: [GET] /api/dm-status → 200 (0.1ms) IP=::1 UA=?
[2026-08-16 02:21:41] [INFO] dicebot: [GET] /api/chat/messages → 200 (0.5ms) IP=::1 UA=?
[2026-08-16 02:21:41] [INFO] dicebot: [GET] /api/combat-state → 200 (0.1ms) IP=::1 UA=?
[2026-08-16 02:21:42] [INFO] dicebot: [GET] /api/chat/messages → 200 (0.2ms) IP=::1 UA=?
[2026-08-16 02:21:42] [INFO] dicebot: [GET] /api/characters → 200 (0.1ms) IP=::1 UA=?
[2026-08-16 02:21:42] [INFO] dicebot: [GET] /api/auth/me → 401 (0.1ms) IP=::1 UA=?
[2026-08-16 02:21:42] [INFO] dicebot: [GET] /api/dm-status → 200 (0.1ms) IP=::1 UA=?
[2026-08-16 02:21:46] [INFO] dicebot: [GET] /api/auth/me → 401 (0.1ms) IP=::1 UA=?
[2026-08-16 02:21:46] [INFO] dicebot: [POST] /api/online/heartbeat → 200 (0.1ms) IP=::1 UA=?
[2026-08-16 02:21:48] [INFO] dicebot: [GET] /api/tavern/chat/messages → 200 (0.1ms) IP=::1 UA=?
[2026-08-16 02:21:48] [INFO] dicebot: [GET] /api/tavern/chat/messages → 200 (0.1ms) IP=::1 UA=?
[2026-08-16 02:21:50] [INFO] dicebot: [GET] /api/tavern/chat/messages → 200 (0.1ms) IP=::1 UA=?
[2026-08-16 02:21:50] [INFO] dicebot: [GET] /api/tavern/chat/messages → 200 (0.1ms) IP=::1 UA=?
[2026-08-16 02:21:52] [INFO] dicebot: [GET] /api/auth/me → 401 (0.1ms) IP=::1 UA=?
[2026-08-16 02:21:52] [INFO] dicebot: [POST] /api/online/heartbeat → 200 (0.1ms) IP=::1 UA=?
[2026-08-16 02:21:52] [INFO] dicebot: [GET] /api/announcements → 200 (1.9ms) IP=::1 UA=?
[2026-08-16 02:21:56] [INFO] dicebot: [POST] /api/auth/login → 200 (86.2ms) IP=::1 UA=?
[2026-08-16 02:21:56] [INFO] dicebot: [POST] /api/auth/login → 200 (95.0ms) IP=::1 UA=?
[2026-08-16 02:21:56] [INFO] dicebot: [POST] /api/community/posts/3/comments → 200 (4.4ms) IP=::1 UA=?
[2026-08-16 02:21:57] [INFO] dicebot: [POST] /api/auth/login → 200 (104.3ms) IP=::1 UA=?
[2026-08-16 02:21:57] [INFO] dicebot: [POST] /api/online/leave → 200 (0.1ms) IP=::1 UA=?
[2026-08-16 02:21:57] [INFO] dicebot: [POST] /api/online/leave → 200 (0.1ms) IP=::1 UA=?
[2026-08-16 02:21:57] [INFO] dicebot: [POST] /api/online/heartbeat → 200 (1.9ms) IP=::1 UA=?
[2026-08-16 02:21:57] [INFO] dicebot: [GET] /api/auth/me → 200 (3.6ms) IP=::1 UA=?
[2026-08-16 02:21:57] [INFO] dicebot: [GET] /api/announcements → 200 (2.0ms) IP=::1 UA=?
[2026-08-16 02:21:57] [INFO] dicebot: [GET] /api/favorites → 200 (3.0ms) IP=::1 UA=?
[2026-08-16 02:21:57] [INFO] dicebot: [GET] /api/notifications/unread-count → 200 (2.6ms) IP=::1 UA=?
[2026-08-16 02:21:57] [INFO] dicebot: [GET] /api/notifications → 200 (4.8ms) IP=::1 UA=?
[2026-08-16 02:21:57] [INFO] dicebot: [GET] /api/my/comments → 200 (4.3ms) IP=::1 UA=?
[2026-08-16 02:22:08] [INFO] dicebot: [GET] /api/auth/me → 401 (0.1ms) IP=::1 UA=?
[2026-08-16 02:22:08] [INFO] dicebot: [POST] /api/online/heartbeat → 200 (0.1ms) IP=::1 UA=?
[2026-08-16 02:22:10] [INFO] dicebot: [GET] /api/tavern/chat/messages → 200 (0.1ms) IP=::1 UA=?
[2026-08-16 02:22:10] [INFO] dicebot: [GET] /api/tavern/chat/messages → 200 (0.1ms) IP=::1 UA=?
[2026-08-16 02:22:12] [INFO] dicebot: [GET] /api/tavern/chat/messages → 200 (0.1ms) IP=::1 UA=?
[2026-08-16 02:22:12] [INFO] dicebot: [GET] /api/tavern/chat/messages → 200 (0.1ms) IP=::1 UA=?
[2026-08-16 02:43:14] [INFO] dicebot.mod_loader: 加载Mod: dicebot-mod v2.1.0 — 骰娘动态掷骰Mod (FastAPI)
[2026-08-16 02:43:14] [INFO] dicebot.mod.dicebot-mod: 骰娘动态掷骰Mod 已注册 (FastAPI: http://localhost:8001)
[2026-08-16 02:43:14] [INFO] dicebot.mod.dicebot-mod:   状态: /api/mod/dicebot-mod/status
[2026-08-16 02:43:14] [INFO] dicebot.mod.dicebot-mod:   启动: POST /api/mod/dicebot-mod/start
[2026-08-16 02:43:14] [INFO] dicebot.mod.dicebot-mod:   掷骰: POST /api/mod/dicebot-mod/roll
[2026-08-16 02:43:14] [INFO] dicebot.mod_loader:   路由已注册: /api/mod/dicebot-mod
[2026-08-16 02:43:14] [INFO] dicebot.mod_loader: Mod加载成功: dicebot-mod
[2026-08-16 02:43:14] [INFO] dicebot.mod_loader: 加载Mod: example-hello v1.0.0 — 示例Mod - Hello
[2026-08-16 02:43:14] [INFO] dicebot.mod_loader:   路由已注册: /api/mod/example-hello
[2026-08-16 02:43:14] [INFO] dicebot.mod_loader: Mod加载成功: example-hello
[2026-08-16 02:43:14] [INFO] dicebot: Flask 请求日志中间件已安装
[2026-08-16 02:43:14] [INFO] dicebot: 尘封之卷 Web 服务器启动中...
[2026-08-16 02:43:15] [INFO] dicebot: 已监听 IPv6 ::1（加速 localhost 访问）
[2026-08-16 02:43:21] [INFO] dicebot: 新用户注册: AggA0816 (agga@test.com)
[2026-08-16 02:43:21] [INFO] dicebot: [POST] /api/auth/register → 200 (100.7ms) IP=::1 UA=?
[2026-08-16 02:43:21] [INFO] dicebot: 新用户注册: AggB0816 (aggb@test.com)
[2026-08-16 02:43:21] [INFO] dicebot: [POST] /api/auth/register → 200 (75.5ms) IP=::1 UA=?
[2026-08-16 02:43:21] [INFO] dicebot: 新用户注册: AggC0816 (aggc@test.com)
[2026-08-16 02:43:21] [INFO] dicebot: [POST] /api/auth/register → 200 (78.1ms) IP=::1 UA=?
[2026-08-16 02:43:21] [INFO] dicebot: [POST] /api/community/posts → 200 (52.2ms) IP=::1 UA=?
[2026-08-16 02:43:21] [INFO] dicebot: [POST] /api/community/posts/3/comments → 200 (12.5ms) IP=::1 UA=?
[2026-08-16 02:43:21] [INFO] dicebot: [POST] /api/community/posts/3/comments → 200 (6.2ms) IP=::1 UA=?
[2026-08-16 02:43:21] [INFO] dicebot: [POST] /api/community/posts/3/like → 200 (6.7ms) IP=::1 UA=?
[2026-08-16 02:43:21] [INFO] dicebot: [POST] /api/community/posts/3/like → 200 (4.4ms) IP=::1 UA=?
[2026-08-16 02:43:21] [INFO] dicebot: [POST] /api/community/posts/3/comments → 429 (1.0ms) IP=::1 UA=?
[2026-08-16 02:43:54] [INFO] dicebot: [POST] /api/auth/login → 200 (109.0ms) IP=::1 UA=?
[2026-08-16 02:43:54] [INFO] dicebot: [POST] /api/auth/login → 200 (125.5ms) IP=::1 UA=?
[2026-08-16 02:43:54] [INFO] dicebot: [POST] /api/auth/login → 200 (110.4ms) IP=::1 UA=?
[2026-08-16 02:43:54] [INFO] dicebot: [POST] /api/community/posts/3/comments → 200 (12.0ms) IP=::1 UA=?
[2026-08-16 02:43:54] [INFO] dicebot: [GET] /api/notifications → 200 (2.1ms) IP=::1 UA=?
[2026-08-16 02:43:54] [INFO] dicebot: [GET] /api/notifications/unread-count → 200 (2.5ms) IP=::1 UA=?
[2026-08-16 02:44:29] [INFO] dicebot: [GET] /api/chat/messages → 200 (0.2ms) IP=::1 UA=?
[2026-08-16 02:44:29] [INFO] dicebot: [GET] /api/auth/me → 401 (0.1ms) IP=::1 UA=?
[2026-08-16 02:44:29] [INFO] dicebot: [GET] /api/dm-status → 200 (0.1ms) IP=::1 UA=?
[2026-08-16 02:44:29] [INFO] dicebot: [POST] /api/online/heartbeat → 200 (0.2ms) IP=::1 UA=?
[2026-08-16 02:44:29] [INFO] dicebot: [GET] /api/characters → 200 (0.1ms) IP=::1 UA=?
[2026-08-16 02:44:29] [INFO] dicebot: [GET] /api/auth/me → 401 (0.1ms) IP=::1 UA=?
[2026-08-16 02:44:29] [INFO] dicebot: [GET] /api/dm-status → 200 (0.1ms) IP=::1 UA=?
[2026-08-16 02:44:30] [INFO] dicebot: [GET] /api/dm-status → 200 (0.1ms) IP=::1 UA=?
[2026-08-16 02:44:30] [INFO] dicebot: [GET] /api/shared-canvas → 200 (13.6ms) IP=::1 UA=?
[2026-08-16 02:44:30] [INFO] dicebot: [GET] /api/chat/messages → 200 (0.2ms) IP=::1 UA=?
[2026-08-16 02:44:31] [INFO] dicebot: [POST] /api/online/heartbeat → 200 (0.2ms) IP=::1 UA=?
[2026-08-16 02:44:31] [INFO] dicebot: [GET] /api/chat/messages → 200 (0.1ms) IP=::1 UA=?
[2026-08-16 02:44:32] [INFO] dicebot: [GET] /api/shared-canvas → 200 (12.3ms) IP=::1 UA=?
[2026-08-16 02:44:32] [INFO] dicebot: 地图存档已保存: _autosave (0.0MB)
[2026-08-16 02:44:32] [INFO] dicebot: [POST] /api/map-saves → 200 (14.1ms) IP=::1 UA=?
[2026-08-16 02:44:32] [INFO] dicebot: [GET] /api/combat-state → 200 (0.0ms) IP=::1 UA=?
[2026-08-16 02:44:33] [INFO] dicebot: [GET] /api/chat/messages → 200 (0.2ms) IP=::1 UA=?
[2026-08-16 02:44:34] [INFO] dicebot: [GET] /ws → 200 (3264.5ms) IP=::1 UA=?
[2026-08-16 02:44:34] [WARNING] dicebot: 慢请求: [GET] /ws (3264ms)
[2026-08-16 02:44:34] [INFO] dicebot: [GET] /ws → 200 (4214.8ms) IP=::1 UA=?
[2026-08-16 02:44:34] [WARNING] dicebot: 慢请求: [GET] /ws (4215ms)
[2026-08-16 02:44:36] [INFO] dicebot: [GET] /api/auth/me → 401 (0.1ms) IP=::1 UA=?
[2026-08-16 02:44:36] [INFO] dicebot: [POST] /api/online/heartbeat → 200 (0.1ms) IP=::1 UA=?
[2026-08-16 02:44:36] [INFO] dicebot: [POST] /api/error-report → 200 (2.1ms) IP=::1 UA=?
[2026-08-16 02:44:36] [INFO] dicebot: [POST] /api/error-report → 200 (1.9ms) IP=::1 UA=?
[2026-08-16 02:44:38] [INFO] dicebot: [GET] /api/tavern/chat/messages → 200 (0.1ms) IP=::1 UA=?
[2026-08-16 02:44:38] [INFO] dicebot: [GET] /api/tavern/chat/messages → 200 (0.1ms) IP=::1 UA=?
[2026-08-16 02:44:40] [INFO] dicebot: [GET] /api/tavern/chat/messages → 200 (0.1ms) IP=::1 UA=?
[2026-08-16 02:44:40] [INFO] dicebot: [GET] /api/tavern/chat/messages → 200 (0.1ms) IP=::1 UA=?
[2026-08-16 02:44:42] [INFO] dicebot: [GET] /api/notifications → 401 (0.1ms) IP=::1 UA=?
[2026-08-16 02:44:42] [INFO] dicebot: [GET] /api/notifications/unread-count → 200 (0.0ms) IP=::1 UA=?
[2026-08-16 02:44:42] [INFO] dicebot: [POST] /api/online/heartbeat → 200 (0.2ms) IP=::1 UA=?
[2026-08-16 02:44:46] [INFO] dicebot: [POST] /api/auth/login → 200 (94.8ms) IP=::1 UA=?
[2026-08-16 02:44:46] [INFO] dicebot: [POST] /api/online/leave → 200 (0.1ms) IP=::1 UA=?
[2026-08-16 02:44:46] [INFO] dicebot: [POST] /api/online/leave → 200 (0.2ms) IP=::1 UA=?
[2026-08-16 02:44:46] [INFO] dicebot: [GET] /api/notifications → 200 (2.8ms) IP=::1 UA=?
[2026-08-16 02:44:46] [INFO] dicebot: [GET] /api/notifications/unread-count → 200 (2.5ms) IP=::1 UA=?
[2026-08-16 02:44:46] [INFO] dicebot: [POST] /api/online/heartbeat → 200 (51.4ms) IP=::1 UA=?
[2026-08-16 02:45:19] [INFO] dicebot.mod_loader: 加载Mod: dicebot-mod v2.1.0 — 骰娘动态掷骰Mod (FastAPI)
[2026-08-16 02:45:19] [INFO] dicebot.mod.dicebot-mod: 骰娘动态掷骰Mod 已注册 (FastAPI: http://localhost:8001)
[2026-08-16 02:45:19] [INFO] dicebot.mod.dicebot-mod:   状态: /api/mod/dicebot-mod/status
[2026-08-16 02:45:19] [INFO] dicebot.mod.dicebot-mod:   启动: POST /api/mod/dicebot-mod/start
[2026-08-16 02:45:19] [INFO] dicebot.mod.dicebot-mod:   掷骰: POST /api/mod/dicebot-mod/roll
[2026-08-16 02:45:19] [INFO] dicebot.mod_loader:   路由已注册: /api/mod/dicebot-mod
[2026-08-16 02:45:19] [INFO] dicebot.mod_loader: Mod加载成功: dicebot-mod
[2026-08-16 02:45:19] [INFO] dicebot.mod_loader: 加载Mod: example-hello v1.0.0 — 示例Mod - Hello
[2026-08-16 02:45:19] [INFO] dicebot.mod_loader:   路由已注册: /api/mod/example-hello
[2026-08-16 02:45:19] [INFO] dicebot.mod_loader: Mod加载成功: example-hello
[2026-08-16 02:45:19] [INFO] dicebot: Flask 请求日志中间件已安装
[2026-08-16 02:45:19] [INFO] dicebot: 尘封之卷 Web 服务器启动中...
[2026-08-16 02:45:20] [INFO] dicebot: 已监听 IPv6 ::1（加速 localhost 访问）
[2026-08-16 02:45:31] [INFO] dicebot: [GET] /api/chat/messages → 200 (0.3ms) IP=::1 UA=?
[2026-08-16 02:45:31] [INFO] dicebot: [POST] /api/online/heartbeat → 200 (0.2ms) IP=::1 UA=?
[2026-08-16 02:45:31] [INFO] dicebot: [GET] /api/auth/me → 401 (0.1ms) IP=::1 UA=?
[2026-08-16 02:45:31] [INFO] dicebot: [GET] /api/dm-status → 200 (0.1ms) IP=::1 UA=?
[2026-08-16 02:45:31] [INFO] dicebot: [GET] /api/auth/me → 401 (0.1ms) IP=::1 UA=?
[2026-08-16 02:45:31] [INFO] dicebot: [GET] /api/characters → 200 (0.1ms) IP=::1 UA=?
[2026-08-16 02:45:31] [INFO] dicebot: [GET] /api/dm-status → 200 (0.1ms) IP=::1 UA=?
[2026-08-16 02:45:32] [INFO] dicebot: [POST] /api/online/heartbeat → 200 (0.1ms) IP=::1 UA=?
[2026-08-16 02:45:32] [INFO] dicebot: [GET] /api/chat/messages → 200 (0.1ms) IP=::1 UA=?
[2026-08-16 02:45:32] [INFO] dicebot: [GET] /api/dm-status → 200 (0.0ms) IP=::1 UA=?
[2026-08-16 02:45:32] [INFO] dicebot: [GET] /api/shared-canvas → 200 (7.5ms) IP=::1 UA=?
[2026-08-16 02:45:34] [INFO] dicebot: [GET] /api/chat/messages → 200 (0.1ms) IP=::1 UA=?
[2026-08-16 02:45:34] [INFO] dicebot: [GET] /api/combat-state → 200 (0.0ms) IP=::1 UA=?
[2026-08-16 02:45:34] [INFO] dicebot: [GET] /api/shared-canvas → 200 (14.1ms) IP=::1 UA=?
[2026-08-16 02:45:34] [INFO] dicebot: 地图存档已保存: _autosave (0.2MB)
[2026-08-16 02:45:34] [INFO] dicebot: [POST] /api/map-saves → 200 (32.1ms) IP=::1 UA=?
[2026-08-16 02:45:35] [INFO] dicebot: [GET] /api/chat/messages → 200 (0.2ms) IP=::1 UA=?
[2026-08-16 02:45:36] [INFO] dicebot: [GET] /ws → 200 (3959.7ms) IP=::1 UA=?
[2026-08-16 02:45:36] [WARNING] dicebot: 慢请求: [GET] /ws (3960ms)
[2026-08-16 02:45:36] [INFO] dicebot: [GET] /ws → 200 (3707.4ms) IP=::1 UA=?
[2026-08-16 02:45:36] [WARNING] dicebot: 慢请求: [GET] /ws (3707ms)
[2026-08-16 02:45:38] [INFO] dicebot: [GET] /api/auth/me → 401 (0.1ms) IP=::1 UA=?
[2026-08-16 02:45:38] [INFO] dicebot: [POST] /api/online/heartbeat → 200 (0.1ms) IP=::1 UA=?
[2026-08-16 02:45:40] [INFO] dicebot: [GET] /api/tavern/chat/messages → 200 (0.0ms) IP=::1 UA=?
[2026-08-16 02:45:40] [INFO] dicebot: [GET] /api/tavern/chat/messages → 200 (0.4ms) IP=::1 UA=?
[2026-08-16 02:45:42] [INFO] dicebot: [GET] /api/tavern/chat/messages → 200 (0.1ms) IP=::1 UA=?
[2026-08-16 02:45:42] [INFO] dicebot: [GET] /api/tavern/chat/messages → 200 (0.1ms) IP=::1 UA=?
[2026-08-16 02:45:44] [INFO] dicebot: [GET] /api/notifications → 401 (0.1ms) IP=::1 UA=?
[2026-08-16 02:45:44] [INFO] dicebot: [GET] /api/notifications/unread-count → 200 (0.1ms) IP=::1 UA=?
[2026-08-16 02:45:44] [INFO] dicebot: [POST] /api/online/heartbeat → 200 (0.1ms) IP=::1 UA=?
[2026-08-16 02:45:48] [INFO] dicebot: [POST] /api/auth/login → 200 (99.3ms) IP=::1 UA=?
[2026-08-16 02:45:48] [INFO] dicebot: [POST] /api/online/leave → 200 (0.1ms) IP=::1 UA=?
[2026-08-16 02:45:48] [INFO] dicebot: [POST] /api/online/leave → 200 (0.1ms) IP=::1 UA=?
[2026-08-16 02:45:48] [INFO] dicebot: [POST] /api/online/heartbeat → 200 (2.4ms) IP=::1 UA=?
[2026-08-16 02:45:48] [INFO] dicebot: [GET] /api/notifications → 200 (71.5ms) IP=::1 UA=?
[2026-08-16 02:45:48] [INFO] dicebot: [GET] /api/notifications/unread-count → 200 (73.0ms) IP=::1 UA=?
[2026-08-16 02:46:03] [INFO] dicebot: [GET] /api/auth/me → 401 (0.1ms) IP=::1 UA=?
[2026-08-16 02:46:03] [INFO] dicebot: [POST] /api/online/heartbeat → 200 (0.1ms) IP=::1 UA=?
[2026-08-16 02:46:05] [INFO] dicebot: [GET] /api/tavern/chat/messages → 200 (0.1ms) IP=::1 UA=?
[2026-08-16 02:46:05] [INFO] dicebot: [GET] /api/tavern/chat/messages → 200 (0.1ms) IP=::1 UA=?
[2026-08-16 02:46:07] [INFO] dicebot: [GET] /api/tavern/chat/messages → 200 (0.1ms) IP=::1 UA=?
[2026-08-16 02:46:07] [INFO] dicebot: [GET] /api/tavern/chat/messages → 200 (0.1ms) IP=::1 UA=?
[2026-08-16 02:46:09] [INFO] dicebot: [GET] /api/tavern/chat/messages → 200 (0.1ms) IP=::1 UA=?
[2026-08-16 02:46:09] [INFO] dicebot: [GET] /api/tavern/chat/messages → 200 (0.1ms) IP=::1 UA=?
[2026-08-16 02:46:12] [INFO] dicebot: [GET] /api/auth/me → 401 (0.1ms) IP=::1 UA=?
[2026-08-16 02:46:12] [INFO] dicebot: [GET] /api/online/users → 200 (0.1ms) IP=::1 UA=?
[2026-08-16 02:46:12] [INFO] dicebot: [GET] /api/auth/me → 401 (0.1ms) IP=::1 UA=?
[2026-08-16 02:46:12] [INFO] dicebot: [GET] /api/topics → 200 (6.4ms) IP=::1 UA=?
[2026-08-16 02:46:12] [INFO] dicebot: [GET] /api/community/boards → 200 (10.8ms) IP=::1 UA=?
[2026-08-16 02:46:12] [INFO] dicebot: [GET] /api/announcements → 200 (3.7ms) IP=::1 UA=?
[2026-08-16 02:46:12] [INFO] dicebot: [GET] /api/workshop/items → 200 (21.7ms) IP=::1 UA=?
[2026-08-16 02:46:12] [INFO] dicebot: [GET] /api/stats/overview → 200 (24.6ms) IP=::1 UA=?
[2026-08-16 02:46:12] [INFO] dicebot: [POST] /api/online/heartbeat → 200 (0.2ms) IP=::1 UA=?
[2026-08-16 02:46:17] [INFO] dicebot: [GET] /api/topics → 200 (3.7ms) IP=::1 UA=?
[2026-08-16 02:46:17] [INFO] dicebot: [GET] /api/community/boards → 200 (3.3ms) IP=::1 UA=?
[2026-08-16 02:46:18] [INFO] dicebot: [GET] /api/community/boards/discuss/threads → 200 (6.2ms) IP=::1 UA=?
[2026-08-16 02:46:18] [INFO] dicebot: [GET] /api/users/avatars → 200 (2.2ms) IP=::1 UA=?
[2026-08-16 02:46:20] [INFO] dicebot: [GET] /api/workshop/items → 200 (2.2ms) IP=::1 UA=?
[2026-08-16 02:46:23] [INFO] dicebot: [POST] /api/online/heartbeat → 200 (0.1ms) IP=::1 UA=?
[2026-08-16 02:46:23] [INFO] dicebot: [GET] /api/announcements/history → 200 (3.1ms) IP=::1 UA=?
[2026-08-16 02:46:30] [INFO] dicebot: [GET] /api/auth/me → 401 (0.3ms) IP=::1 UA=?
[2026-08-16 02:46:30] [INFO] dicebot: [POST] /api/online/heartbeat → 200 (0.1ms) IP=::1 UA=?
[2026-08-16 02:46:32] [INFO] dicebot: [GET] /api/tavern/chat/messages → 200 (0.0ms) IP=::1 UA=?
[2026-08-16 02:46:32] [INFO] dicebot: [GET] /api/tavern/chat/messages → 200 (0.1ms) IP=::1 UA=?
[2026-08-16 02:46:34] [INFO] dicebot: [GET] /api/tavern/chat/messages → 200 (0.1ms) IP=::1 UA=?
[2026-08-16 02:46:34] [INFO] dicebot: [GET] /api/tavern/chat/messages → 200 (0.1ms) IP=::1 UA=?
[2026-08-16 02:52:42] [INFO] dicebot.mod_loader: 加载Mod: dicebot-mod v2.1.0 — 骰娘动态掷骰Mod (FastAPI)
[2026-08-16 02:52:42] [INFO] dicebot.mod.dicebot-mod: 骰娘动态掷骰Mod 已注册 (FastAPI: http://localhost:8001)
[2026-08-16 02:52:42] [INFO] dicebot.mod.dicebot-mod:   状态: /api/mod/dicebot-mod/status
[2026-08-16 02:52:42] [INFO] dicebot.mod.dicebot-mod:   启动: POST /api/mod/dicebot-mod/start
[2026-08-16 02:52:42] [INFO] dicebot.mod.dicebot-mod:   掷骰: POST /api/mod/dicebot-mod/roll
[2026-08-16 02:52:42] [INFO] dicebot.mod_loader:   路由已注册: /api/mod/dicebot-mod
[2026-08-16 02:52:42] [INFO] dicebot.mod_loader: Mod加载成功: dicebot-mod
[2026-08-16 02:52:42] [INFO] dicebot.mod_loader: 加载Mod: example-hello v1.0.0 — 示例Mod - Hello
[2026-08-16 02:52:42] [INFO] dicebot.mod_loader:   路由已注册: /api/mod/example-hello
[2026-08-16 02:52:42] [INFO] dicebot.mod_loader: Mod加载成功: example-hello
[2026-08-16 02:52:42] [INFO] dicebot: Flask 请求日志中间件已安装
[2026-08-16 02:52:42] [INFO] dicebot: 尘封之卷 Web 服务器启动中...
[2026-08-16 02:52:43] [INFO] dicebot: 已监听 IPv6 ::1（加速 localhost 访问）
[2026-08-16 02:52:46] [INFO] dicebot: [GET] /api/auth/me → 401 (0.1ms) IP=::1 UA=?
[2026-08-16 02:52:46] [INFO] dicebot: [GET] /api/online/users → 200 (0.0ms) IP=::1 UA=?
[2026-08-16 02:52:46] [INFO] dicebot: [GET] /api/auth/me → 401 (0.1ms) IP=::1 UA=?
[2026-08-16 02:52:46] [INFO] dicebot: [GET] /api/community/boards → 200 (6.4ms) IP=::1 UA=?
[2026-08-16 02:52:46] [INFO] dicebot: [GET] /api/topics → 200 (73.3ms) IP=::1 UA=?
[2026-08-16 02:52:46] [INFO] dicebot: [GET] /api/workshop/items → 200 (88.3ms) IP=::1 UA=?
[2026-08-16 02:52:46] [INFO] dicebot: [GET] /api/stats/overview → 200 (90.7ms) IP=::1 UA=?
[2026-08-16 02:52:46] [INFO] dicebot: [GET] /api/announcements → 200 (5.0ms) IP=::1 UA=?
[2026-08-16 02:52:46] [INFO] dicebot: [POST] /api/online/heartbeat → 200 (0.3ms) IP=::1 UA=?
[2026-08-16 02:53:06] [INFO] dicebot: [POST] /api/online/heartbeat → 200 (0.1ms) IP=::1 UA=?
[2026-08-16 02:53:16] [INFO] dicebot: [GET] /api/online/users → 200 (0.1ms) IP=::1 UA=?
[2026-08-16 02:53:16] [INFO] dicebot: [GET] /api/community/boards → 200 (4.4ms) IP=::1 UA=?
[2026-08-16 02:53:16] [INFO] dicebot: [GET] /api/workshop/items → 200 (8.7ms) IP=::1 UA=?
[2026-08-16 02:53:26] [INFO] dicebot: [POST] /api/online/heartbeat → 200 (0.8ms) IP=::1 UA=?
[2026-08-16 02:53:32] [INFO] dicebot: [POST] /api/auth/login → 200 (91.3ms) IP=::1 UA=?
[2026-08-16 02:53:34] [INFO] dicebot: [POST] /api/online/leave → 200 (0.1ms) IP=::1 UA=?
[2026-08-16 02:53:34] [INFO] dicebot: [POST] /api/online/leave → 200 (0.1ms) IP=::1 UA=?
[2026-08-16 02:53:34] [INFO] dicebot: [GET] /api/auth/me → 200 (2.8ms) IP=::1 UA=?
[2026-08-16 02:53:34] [INFO] dicebot: [GET] /api/announcements → 200 (2.3ms) IP=::1 UA=?
[2026-08-16 02:53:34] [INFO] dicebot: [POST] /api/online/heartbeat → 200 (1.2ms) IP=::1 UA=?
[2026-08-16 02:53:34] [INFO] dicebot: [GET] /api/notifications/unread-count → 200 (6.7ms) IP=::1 UA=?
[2026-08-16 02:53:34] [INFO] dicebot: [GET] /api/notifications → 200 (6.9ms) IP=::1 UA=?
[2026-08-16 02:53:34] [INFO] dicebot: [GET] /api/favorites → 200 (9.1ms) IP=::1 UA=?
[2026-08-16 02:53:34] [INFO] dicebot: [GET] /api/my/comments → 200 (57.6ms) IP=::1 UA=?
[2026-08-16 02:53:36] [INFO] dicebot: [POST] /api/online/leave → 200 (0.1ms) IP=::1 UA=?
[2026-08-16 02:53:36] [INFO] dicebot: [POST] /api/online/leave → 200 (0.1ms) IP=::1 UA=?
[2026-08-16 02:53:36] [INFO] dicebot: [GET] /api/notifications → 200 (2.8ms) IP=::1 UA=?
[2026-08-16 02:53:36] [INFO] dicebot: [GET] /api/notifications/unread-count → 200 (4.0ms) IP=::1 UA=?
[2026-08-16 02:53:36] [INFO] dicebot: [POST] /api/online/heartbeat → 200 (1.5ms) IP=::1 UA=?
[2026-08-16 02:53:37] [INFO] dicebot: [POST] /api/online/leave → 200 (0.1ms) IP=::1 UA=?
[2026-08-16 02:53:37] [INFO] dicebot: [POST] /api/online/leave → 200 (0.1ms) IP=::1 UA=?
[2026-08-16 02:53:37] [INFO] dicebot: [GET] /api/auth/me → 200 (4.4ms) IP=::1 UA=?
[2026-08-16 02:53:37] [INFO] dicebot: [GET] /api/announcements → 200 (1.1ms) IP=::1 UA=?
[2026-08-16 02:53:37] [INFO] dicebot: [POST] /api/online/heartbeat → 200 (1.1ms) IP=::1 UA=?
[2026-08-16 02:53:37] [INFO] dicebot: [GET] /api/favorites → 200 (1.8ms) IP=::1 UA=?
[2026-08-16 02:53:37] [INFO] dicebot: [GET] /api/notifications → 200 (3.6ms) IP=::1 UA=?
[2026-08-16 02:53:37] [INFO] dicebot: [GET] /api/notifications/unread-count → 200 (4.5ms) IP=::1 UA=?
[2026-08-16 02:53:37] [INFO] dicebot: [GET] /api/my/comments → 200 (3.8ms) IP=::1 UA=?
[2026-08-16 02:53:44] [INFO] dicebot: [POST] /api/online/leave → 200 (0.1ms) IP=::1 UA=?
[2026-08-16 02:53:44] [INFO] dicebot: [POST] /api/online/leave → 200 (0.1ms) IP=::1 UA=?
[2026-08-16 02:53:44] [INFO] dicebot: [GET] /api/online/users → 200 (0.0ms) IP=::1 UA=?
[2026-08-16 02:53:44] [INFO] dicebot: [GET] /api/community/boards → 200 (2.2ms) IP=::1 UA=?
[2026-08-16 02:53:44] [INFO] dicebot: [GET] /api/auth/me → 200 (4.7ms) IP=::1 UA=?
[2026-08-16 02:53:44] [INFO] dicebot: [GET] /api/workshop/items → 200 (7.5ms) IP=::1 UA=?
[2026-08-16 02:53:44] [INFO] dicebot: [GET] /api/topics → 200 (4.8ms) IP=::1 UA=?
[2026-08-16 02:53:44] [INFO] dicebot: [GET] /api/stats/overview → 200 (8.3ms) IP=::1 UA=?
[2026-08-16 02:53:44] [INFO] dicebot: [GET] /api/auth/me → 200 (5.6ms) IP=::1 UA=?
[2026-08-16 02:53:44] [INFO] dicebot: [GET] /api/announcements → 200 (3.6ms) IP=::1 UA=?
[2026-08-16 02:53:44] [INFO] dicebot: [POST] /api/online/heartbeat → 200 (2.2ms) IP=::1 UA=?
[2026-08-16 02:53:46] [INFO] dicebot: [POST] /api/online/leave → 200 (0.9ms) IP=::1 UA=?
[2026-08-16 02:53:46] [INFO] dicebot: [POST] /api/online/leave → 200 (0.1ms) IP=::1 UA=?
[2026-08-16 02:53:46] [INFO] dicebot: [GET] /api/announcements → 200 (1.7ms) IP=::1 UA=?
[2026-08-16 02:53:46] [INFO] dicebot: [GET] /api/auth/me → 200 (3.0ms) IP=::1 UA=?
[2026-08-16 02:53:46] [INFO] dicebot: [POST] /api/online/heartbeat → 200 (1.0ms) IP=::1 UA=?
[2026-08-16 02:53:46] [INFO] dicebot: [GET] /api/notifications → 200 (2.5ms) IP=::1 UA=?
[2026-08-16 02:53:46] [INFO] dicebot: [GET] /api/notifications/unread-count → 200 (3.1ms) IP=::1 UA=?
[2026-08-16 02:53:46] [INFO] dicebot: [GET] /api/favorites → 200 (5.8ms) IP=::1 UA=?
[2026-08-16 02:53:46] [INFO] dicebot: [GET] /api/my/comments → 200 (3.1ms) IP=::1 UA=?
[2026-08-16 02:53:47] [INFO] dicebot: [POST] /api/online/leave → 200 (0.5ms) IP=::1 UA=?
[2026-08-16 02:53:47] [INFO] dicebot: [POST] /api/online/leave → 200 (0.1ms) IP=::1 UA=?
[2026-08-16 02:53:47] [INFO] dicebot: [GET] /api/notifications → 200 (2.5ms) IP=::1 UA=?
[2026-08-16 02:53:47] [INFO] dicebot: [POST] /api/online/heartbeat → 200 (0.9ms) IP=::1 UA=?
[2026-08-16 02:53:47] [INFO] dicebot: [GET] /api/notifications/unread-count → 200 (4.4ms) IP=::1 UA=?
[2026-08-16 02:53:49] [INFO] dicebot: [POST] /api/online/leave → 200 (0.3ms) IP=::1 UA=?
[2026-08-16 02:53:49] [INFO] dicebot: [POST] /api/online/leave → 200 (0.1ms) IP=::1 UA=?
[2026-08-16 02:53:49] [INFO] dicebot: [GET] /api/auth/me → 200 (3.0ms) IP=::1 UA=?
[2026-08-16 02:53:49] [INFO] dicebot: [GET] /api/announcements → 200 (2.8ms) IP=::1 UA=?
[2026-08-16 02:53:49] [INFO] dicebot: [POST] /api/online/heartbeat → 200 (1.3ms) IP=::1 UA=?
[2026-08-16 02:53:49] [INFO] dicebot: [GET] /api/notifications → 200 (3.8ms) IP=::1 UA=?
[2026-08-16 02:53:49] [INFO] dicebot: [GET] /api/favorites → 200 (5.0ms) IP=::1 UA=?
[2026-08-16 02:53:49] [INFO] dicebot: [GET] /api/notifications/unread-count → 200 (4.2ms) IP=::1 UA=?
[2026-08-16 02:53:49] [INFO] dicebot: [GET] /api/my/comments → 200 (4.0ms) IP=::1 UA=?
[2026-08-16 02:53:49] [INFO] dicebot: [POST] /api/online/leave → 200 (0.1ms) IP=::1 UA=?
[2026-08-16 02:53:49] [INFO] dicebot: [POST] /api/online/leave → 200 (0.1ms) IP=::1 UA=?
[2026-08-16 02:53:49] [INFO] dicebot: [GET] /api/auth/me → 200 (2.7ms) IP=::1 UA=?
[2026-08-16 02:53:49] [INFO] dicebot: [GET] /api/announcements → 200 (1.1ms) IP=::1 UA=?
[2026-08-16 02:53:49] [INFO] dicebot: [POST] /api/online/heartbeat → 200 (1.1ms) IP=::1 UA=?
[2026-08-16 02:53:49] [INFO] dicebot: [GET] /api/notifications → 200 (3.6ms) IP=::1 UA=?
[2026-08-16 02:53:49] [INFO] dicebot: [GET] /api/favorites → 200 (4.8ms) IP=::1 UA=?
[2026-08-16 02:53:49] [INFO] dicebot: [GET] /api/notifications/unread-count → 200 (4.0ms) IP=::1 UA=?
[2026-08-16 02:53:49] [INFO] dicebot: [GET] /api/my/comments → 200 (3.6ms) IP=::1 UA=?
[2026-08-16 02:53:51] [INFO] dicebot: [POST] /api/online/leave → 200 (0.1ms) IP=::1 UA=?
[2026-08-16 02:53:51] [INFO] dicebot: [POST] /api/online/leave → 200 (0.1ms) IP=::1 UA=?
[2026-08-16 02:53:51] [INFO] dicebot: [GET] /api/notifications → 200 (3.2ms) IP=::1 UA=?
[2026-08-16 02:53:51] [INFO] dicebot: [GET] /api/notifications/unread-count → 200 (2.7ms) IP=::1 UA=?
[2026-08-16 02:53:51] [INFO] dicebot: [POST] /api/online/heartbeat → 200 (1.5ms) IP=::1 UA=?
[2026-08-16 02:53:51] [INFO] dicebot: [POST] /api/online/leave → 200 (0.1ms) IP=::1 UA=?
[2026-08-16 02:53:51] [INFO] dicebot: [POST] /api/online/leave → 200 (0.1ms) IP=::1 UA=?
[2026-08-16 02:53:51] [INFO] dicebot: [GET] /api/notifications → 200 (2.4ms) IP=::1 UA=?
[2026-08-16 02:53:51] [INFO] dicebot: [GET] /api/notifications/unread-count → 200 (2.6ms) IP=::1 UA=?
[2026-08-16 02:53:51] [INFO] dicebot: [POST] /api/online/heartbeat → 200 (1.5ms) IP=::1 UA=?
[2026-08-16 02:53:52] [INFO] dicebot: [POST] /api/online/leave → 200 (0.1ms) IP=::1 UA=?
[2026-08-16 02:53:52] [INFO] dicebot: [POST] /api/online/leave → 200 (0.1ms) IP=::1 UA=?
[2026-08-16 02:53:52] [INFO] dicebot: [GET] /api/announcements/history → 200 (2.3ms) IP=::1 UA=?
[2026-08-16 02:53:52] [INFO] dicebot: [POST] /api/online/heartbeat → 200 (1.2ms) IP=::1 UA=?
[2026-08-16 02:53:53] [INFO] dicebot: [POST] /api/online/leave → 200 (0.1ms) IP=::1 UA=?
[2026-08-16 02:53:53] [INFO] dicebot: [POST] /api/online/leave → 200 (0.1ms) IP=::1 UA=?
[2026-08-16 02:53:53] [INFO] dicebot: [GET] /api/community/boards → 200 (2.3ms) IP=::1 UA=?
[2026-08-16 02:53:53] [INFO] dicebot: [GET] /api/online/users → 200 (0.0ms) IP=::1 UA=?
[2026-08-16 02:53:53] [INFO] dicebot: [GET] /api/auth/me → 200 (4.4ms) IP=::1 UA=?
[2026-08-16 02:53:53] [INFO] dicebot: [GET] /api/stats/overview → 200 (3.0ms) IP=::1 UA=?
[2026-08-16 02:53:53] [INFO] dicebot: [GET] /api/workshop/items → 200 (7.2ms) IP=::1 UA=?
[2026-08-16 02:53:53] [INFO] dicebot: [GET] /api/topics → 200 (4.3ms) IP=::1 UA=?
[2026-08-16 02:53:53] [INFO] dicebot: [GET] /api/announcements → 200 (1.1ms) IP=::1 UA=?
[2026-08-16 02:53:53] [INFO] dicebot: [POST] /api/online/heartbeat → 200 (1.3ms) IP=::1 UA=?
[2026-08-16 02:53:53] [INFO] dicebot: [GET] /api/auth/me → 200 (8.5ms) IP=::1 UA=?
[2026-08-16 02:53:59] [INFO] dicebot: [GET] /api/community/boards → 200 (1.2ms) IP=::1 UA=?
[2026-08-16 02:53:59] [INFO] dicebot: [GET] /api/topics → 200 (2.7ms) IP=::1 UA=?
[2026-08-16 02:54:13] [INFO] dicebot: [POST] /api/online/heartbeat → 200 (1.2ms) IP=::1 UA=?
[2026-08-16 02:54:23] [INFO] dicebot: [GET] /api/online/users → 200 (0.0ms) IP=::1 UA=?
[2026-08-16 02:54:23] [INFO] dicebot: [GET] /api/community/boards → 200 (2.1ms) IP=::1 UA=?
[2026-08-16 02:54:23] [INFO] dicebot: [GET] /api/workshop/items → 200 (4.8ms) IP=::1 UA=?
[2026-08-16 02:54:33] [INFO] dicebot: [POST] /api/online/heartbeat → 200 (1.4ms) IP=::1 UA=?
[2026-08-16 02:54:49] [INFO] dicebot: [GET] /api/community/boards → 200 (1.7ms) IP=::1 UA=?
[2026-08-16 02:54:49] [INFO] dicebot: [GET] /api/workshop/items → 200 (2.6ms) IP=::1 UA=?
[2026-08-16 02:54:51] [INFO] dicebot: [GET] /api/auth/me → 200 (2.5ms) IP=::1 UA=?
[2026-08-16 02:54:51] [INFO] dicebot: [POST] /api/online/leave → 200 (0.6ms) IP=::1 UA=?
[2026-08-16 02:54:51] [INFO] dicebot: [POST] /api/online/leave → 200 (0.1ms) IP=::1 UA=?
[2026-08-16 02:54:51] [INFO] dicebot: [POST] /api/online/heartbeat → 200 (2.4ms) IP=::1 UA=?
[2026-08-16 02:54:51] [INFO] dicebot: [GET] /api/auth/me → 200 (4.0ms) IP=::1 UA=?
[2026-08-16 02:54:51] [INFO] dicebot: [GET] /api/north/load → 200 (7.0ms) IP=::1 UA=?
[2026-08-16 02:54:51] [INFO] dicebot: [GET] /api/auth/me → 200 (2.5ms) IP=::1 UA=?
[2026-08-16 02:54:51] [INFO] dicebot: [GET] /api/north/load → 200 (7.4ms) IP=::1 UA=?
[2026-08-16 02:54:51] [INFO] dicebot: [GET] /api/north/load → 200 (6.5ms) IP=::1 UA=?
[2026-08-16 02:54:53] [INFO] dicebot: [GET] /api/tavern/chat/messages → 200 (0.1ms) IP=::1 UA=?
[2026-08-16 02:54:53] [INFO] dicebot: [GET] /api/tavern/chat/messages → 200 (0.0ms) IP=::1 UA=?
[2026-08-16 02:54:53] [INFO] dicebot: [POST] /api/north/save → 200 (10.5ms) IP=::1 UA=?
[2026-08-16 02:54:55] [INFO] dicebot: [GET] /api/tavern/chat/messages → 200 (0.0ms) IP=::1 UA=?
[2026-08-16 02:54:55] [INFO] dicebot: [GET] /api/tavern/chat/messages → 200 (0.0ms) IP=::1 UA=?
[2026-08-16 02:54:57] [INFO] dicebot: [GET] /api/tavern/chat/messages → 200 (0.0ms) IP=::1 UA=?
[2026-08-16 02:54:57] [INFO] dicebot: [GET] /api/tavern/chat/messages → 200 (0.0ms) IP=::1 UA=?
[2026-08-16 02:54:59] [INFO] dicebot: [GET] /api/tavern/chat/messages → 200 (0.0ms) IP=::1 UA=?
[2026-08-16 02:54:59] [INFO] dicebot: [GET] /api/tavern/chat/messages → 200 (0.0ms) IP=::1 UA=?
[2026-08-16 02:54:59] [INFO] dicebot: [POST] /api/error-report → 200 (1.0ms) IP=::1 UA=?
[2026-08-16 02:54:59] [INFO] dicebot: [POST] /api/error-report → 200 (1.1ms) IP=::1 UA=?
[2026-08-16 02:55:01] [INFO] dicebot: [GET] /api/tavern/chat/messages → 200 (0.0ms) IP=::1 UA=?
[2026-08-16 02:55:01] [INFO] dicebot: [GET] /api/tavern/chat/messages → 200 (0.1ms) IP=::1 UA=?
[2026-08-16 02:55:03] [INFO] dicebot: [GET] /api/tavern/chat/messages → 200 (0.0ms) IP=::1 UA=?
[2026-08-16 02:55:03] [INFO] dicebot: [GET] /api/tavern/chat/messages → 200 (0.1ms) IP=::1 UA=?
[2026-08-16 02:55:04] [INFO] dicebot: [POST] /api/error-report → 200 (1.0ms) IP=::1 UA=?
[2026-08-16 02:55:04] [INFO] dicebot: [POST] /api/error-report → 200 (0.7ms) IP=::1 UA=?
[2026-08-16 02:55:05] [INFO] dicebot: [GET] /api/tavern/chat/messages → 200 (0.0ms) IP=::1 UA=?
[2026-08-16 02:55:05] [INFO] dicebot: [GET] /api/tavern/chat/messages → 200 (0.1ms) IP=::1 UA=?
[2026-08-16 02:55:07] [INFO] dicebot: [GET] /api/tavern/chat/messages → 200 (0.0ms) IP=::1 UA=?
[2026-08-16 02:55:07] [INFO] dicebot: [GET] /api/tavern/chat/messages → 200 (0.1ms) IP=::1 UA=?
[2026-08-16 02:55:09] [INFO] dicebot: [GET] /api/tavern/chat/messages → 200 (0.1ms) IP=::1 UA=?
[2026-08-16 02:55:09] [INFO] dicebot: [GET] /api/tavern/chat/messages → 200 (0.1ms) IP=::1 UA=?
[2026-08-16 02:55:11] [INFO] dicebot: [GET] /api/tavern/chat/messages → 200 (0.0ms) IP=::1 UA=?
[2026-08-16 02:55:11] [INFO] dicebot: [GET] /api/tavern/chat/messages → 200 (0.0ms) IP=::1 UA=?
[2026-08-16 02:55:11] [INFO] dicebot: [POST] /api/online/heartbeat → 200 (2.4ms) IP=::1 UA=?
[2026-08-16 02:55:13] [INFO] dicebot: [GET] /api/tavern/chat/messages → 200 (0.0ms) IP=::1 UA=?
[2026-08-16 02:55:13] [INFO] dicebot: [GET] /api/tavern/chat/messages → 200 (0.0ms) IP=::1 UA=?
[2026-08-16 02:55:14] [INFO] dicebot: [POST] /api/error-report → 200 (0.7ms) IP=::1 UA=?
[2026-08-16 02:55:14] [INFO] dicebot: [POST] /api/error-report → 200 (0.7ms) IP=::1 UA=?
[2026-08-16 02:55:15] [INFO] dicebot: [GET] /api/tavern/chat/messages → 200 (0.0ms) IP=::1 UA=?
[2026-08-16 02:55:15] [INFO] dicebot: [GET] /api/tavern/chat/messages → 200 (0.1ms) IP=::1 UA=?
[2026-08-16 02:55:17] [INFO] dicebot: [GET] /api/tavern/chat/messages → 200 (0.0ms) IP=::1 UA=?
[2026-08-16 02:55:17] [INFO] dicebot: [GET] /api/tavern/chat/messages → 200 (0.0ms) IP=::1 UA=?
[2026-08-16 02:55:19] [INFO] dicebot: [GET] /api/tavern/chat/messages → 200 (0.0ms) IP=::1 UA=?
[2026-08-16 02:55:19] [INFO] dicebot: [GET] /api/tavern/chat/messages → 200 (0.0ms) IP=::1 UA=?
[2026-08-16 02:55:19] [INFO] dicebot: [POST] /api/error-report → 200 (1.0ms) IP=::1 UA=?
[2026-08-16 02:55:19] [INFO] dicebot: [POST] /api/error-report → 200 (0.8ms) IP=::1 UA=?
[2026-08-16 02:55:21] [INFO] dicebot: [GET] /api/tavern/chat/messages → 200 (0.0ms) IP=::1 UA=?
[2026-08-16 02:55:21] [INFO] dicebot: [GET] /api/tavern/chat/messages → 200 (0.0ms) IP=::1 UA=?
[2026-08-16 02:55:21] [INFO] dicebot: [POST] /api/north/save → 200 (7.4ms) IP=::1 UA=?
[2026-08-16 02:55:22] [INFO] dicebot: [POST] /api/online/leave → 200 (0.1ms) IP=::1 UA=?
[2026-08-16 02:55:22] [INFO] dicebot: [POST] /api/online/leave → 200 (0.1ms) IP=::1 UA=?
[2026-08-16 02:55:22] [INFO] dicebot: [GET] /api/auth/me → 200 (2.8ms) IP=::1 UA=?
[2026-08-16 02:55:22] [INFO] dicebot: [POST] /api/online/heartbeat → 200 (1.8ms) IP=::1 UA=?
[2026-08-16 02:55:22] [INFO] dicebot: [GET] /api/north/load → 200 (4.3ms) IP=::1 UA=?
[2026-08-16 02:55:22] [INFO] dicebot: [GET] /api/auth/me → 200 (2.9ms) IP=::1 UA=?
[2026-08-16 02:55:22] [INFO] dicebot: [GET] /api/north/load → 200 (3.6ms) IP=::1 UA=?
[2026-08-16 02:55:22] [INFO] dicebot: [GET] /api/north/load → 200 (6.1ms) IP=::1 UA=?
[2026-08-16 02:55:24] [INFO] dicebot: [GET] /api/tavern/chat/messages → 200 (0.0ms) IP=::1 UA=?
[2026-08-16 02:55:24] [INFO] dicebot: [GET] /api/tavern/chat/messages → 200 (0.0ms) IP=::1 UA=?
[2026-08-16 02:55:24] [INFO] dicebot: [POST] /api/north/save → 200 (16.0ms) IP=::1 UA=?
[2026-08-16 02:55:25] [INFO] dicebot: [POST] /api/error-report → 200 (1.3ms) IP=::1 UA=?
[2026-08-16 02:55:25] [INFO] dicebot: [POST] /api/error-report → 200 (1.0ms) IP=::1 UA=?
[2026-08-16 02:55:26] [INFO] dicebot: [GET] /api/tavern/chat/messages → 200 (0.0ms) IP=::1 UA=?
[2026-08-16 02:55:26] [INFO] dicebot: [GET] /api/tavern/chat/messages → 200 (0.0ms) IP=::1 UA=?
[2026-08-16 02:55:28] [INFO] dicebot: [GET] /api/tavern/chat/messages → 200 (0.0ms) IP=::1 UA=?
[2026-08-16 02:55:28] [INFO] dicebot: [GET] /api/tavern/chat/messages → 200 (0.0ms) IP=::1 UA=?
[2026-08-16 02:55:30] [INFO] dicebot: [GET] /api/tavern/chat/messages → 200 (0.0ms) IP=::1 UA=?
[2026-08-16 02:55:30] [INFO] dicebot: [GET] /api/tavern/chat/messages → 200 (0.2ms) IP=::1 UA=?
[2026-08-16 02:55:32] [INFO] dicebot: [GET] /api/tavern/chat/messages → 200 (0.0ms) IP=::1 UA=?
[2026-08-16 02:55:32] [INFO] dicebot: [GET] /api/tavern/chat/messages → 200 (0.1ms) IP=::1 UA=?
[2026-08-16 02:55:34] [INFO] dicebot: [GET] /api/tavern/chat/messages → 200 (0.0ms) IP=::1 UA=?
[2026-08-16 02:55:34] [INFO] dicebot: [GET] /api/tavern/chat/messages → 200 (0.0ms) IP=::1 UA=?
[2026-08-16 02:55:36] [INFO] dicebot: [GET] /api/tavern/chat/messages → 200 (0.1ms) IP=::1 UA=?
[2026-08-16 02:55:36] [INFO] dicebot: [GET] /api/tavern/chat/messages → 200 (0.1ms) IP=::1 UA=?
[2026-08-16 02:55:38] [INFO] dicebot: [GET] /api/tavern/chat/messages → 200 (0.1ms) IP=::1 UA=?
[2026-08-16 02:55:38] [INFO] dicebot: [GET] /api/tavern/chat/messages → 200 (0.1ms) IP=::1 UA=?
[2026-08-16 02:55:40] [INFO] dicebot: [GET] /api/tavern/chat/messages → 200 (0.0ms) IP=::1 UA=?
[2026-08-16 02:55:40] [INFO] dicebot: [GET] /api/tavern/chat/messages → 200 (0.0ms) IP=::1 UA=?
[2026-08-16 02:55:42] [INFO] dicebot: [GET] /api/tavern/chat/messages → 200 (0.0ms) IP=::1 UA=?
[2026-08-16 02:55:42] [INFO] dicebot: [GET] /api/tavern/chat/messages → 200 (0.0ms) IP=::1 UA=?
[2026-08-16 02:55:42] [INFO] dicebot: [POST] /api/online/heartbeat → 200 (1.9ms) IP=::1 UA=?
[2026-08-16 02:55:44] [INFO] dicebot: [GET] /api/tavern/chat/messages → 200 (0.1ms) IP=::1 UA=?
[2026-08-16 02:55:44] [INFO] dicebot: [GET] /api/tavern/chat/messages → 200 (0.0ms) IP=::1 UA=?
[2026-08-16 02:55:46] [INFO] dicebot: [GET] /api/tavern/chat/messages → 200 (0.0ms) IP=::1 UA=?
[2026-08-16 02:55:46] [INFO] dicebot: [GET] /api/tavern/chat/messages → 200 (0.0ms) IP=::1 UA=?
[2026-08-16 02:55:48] [INFO] dicebot: [GET] /api/tavern/chat/messages → 200 (0.0ms) IP=::1 UA=?
[2026-08-16 02:55:48] [INFO] dicebot: [GET] /api/tavern/chat/messages → 200 (0.0ms) IP=::1 UA=?
[2026-08-16 02:55:50] [INFO] dicebot: [GET] /api/tavern/chat/messages → 200 (0.0ms) IP=::1 UA=?
[2026-08-16 02:55:50] [INFO] dicebot: [GET] /api/tavern/chat/messages → 200 (0.0ms) IP=::1 UA=?
[2026-08-16 02:55:52] [INFO] dicebot: [POST] /api/north/save → 200 (7.7ms) IP=::1 UA=?
[2026-08-16 02:55:52] [INFO] dicebot: [GET] /api/tavern/chat/messages → 200 (0.0ms) IP=::1 UA=?
[2026-08-16 02:55:52] [INFO] dicebot: [GET] /api/tavern/chat/messages → 200 (0.0ms) IP=::1 UA=?
[2026-08-16 02:55:54] [INFO] dicebot: [GET] /api/tavern/chat/messages → 200 (0.0ms) IP=::1 UA=?
[2026-08-16 02:55:54] [INFO] dicebot: [GET] /api/tavern/chat/messages → 200 (0.0ms) IP=::1 UA=?
[2026-08-16 02:55:56] [INFO] dicebot: [GET] /api/tavern/chat/messages → 200 (0.0ms) IP=::1 UA=?
[2026-08-16 02:55:56] [INFO] dicebot: [GET] /api/tavern/chat/messages → 200 (0.0ms) IP=::1 UA=?
[2026-08-16 02:55:58] [INFO] dicebot: [GET] /api/tavern/chat/messages → 200 (0.0ms) IP=::1 UA=?
[2026-08-16 02:55:58] [INFO] dicebot: [GET] /api/tavern/chat/messages → 200 (0.0ms) IP=::1 UA=?
[2026-08-16 02:56:00] [INFO] dicebot: [GET] /api/tavern/chat/messages → 200 (0.0ms) IP=::1 UA=?
[2026-08-16 02:56:00] [INFO] dicebot: [GET] /api/tavern/chat/messages → 200 (0.1ms) IP=::1 UA=?
[2026-08-16 02:56:02] [INFO] dicebot: [GET] /api/tavern/chat/messages → 200 (0.0ms) IP=::1 UA=?
[2026-08-16 02:56:02] [INFO] dicebot: [GET] /api/tavern/chat/messages → 200 (0.0ms) IP=::1 UA=?
[2026-08-16 02:56:02] [INFO] dicebot: [POST] /api/online/heartbeat → 200 (1.6ms) IP=::1 UA=?
[2026-08-16 02:56:04] [INFO] dicebot: [GET] /api/tavern/chat/messages → 200 (0.1ms) IP=::1 UA=?
[2026-08-16 02:56:04] [INFO] dicebot: [GET] /api/tavern/chat/messages → 200 (0.1ms) IP=::1 UA=?
[2026-08-16 02:56:06] [INFO] dicebot: [GET] /api/tavern/chat/messages → 200 (0.0ms) IP=::1 UA=?
[2026-08-16 02:56:06] [INFO] dicebot: [GET] /api/tavern/chat/messages → 200 (0.0ms) IP=::1 UA=?
[2026-08-16 02:56:08] [INFO] dicebot: [GET] /api/tavern/chat/messages → 200 (0.0ms) IP=::1 UA=?
[2026-08-16 02:56:08] [INFO] dicebot: [GET] /api/tavern/chat/messages → 200 (0.1ms) IP=::1 UA=?
[2026-08-16 02:56:10] [INFO] dicebot: [GET] /api/tavern/chat/messages → 200 (0.0ms) IP=::1 UA=?
[2026-08-16 02:56:10] [INFO] dicebot: [GET] /api/tavern/chat/messages → 200 (0.0ms) IP=::1 UA=?
[2026-08-16 02:56:12] [INFO] dicebot: [GET] /api/tavern/chat/messages → 200 (0.1ms) IP=::1 UA=?
[2026-08-16 02:56:12] [INFO] dicebot: [GET] /api/tavern/chat/messages → 200 (0.1ms) IP=::1 UA=?
[2026-08-16 02:56:14] [INFO] dicebot: [GET] /api/tavern/chat/messages → 200 (0.0ms) IP=::1 UA=?
[2026-08-16 02:56:14] [INFO] dicebot: [GET] /api/tavern/chat/messages → 200 (0.1ms) IP=::1 UA=?
[2026-08-16 02:56:16] [INFO] dicebot: [GET] /api/tavern/chat/messages → 200 (0.0ms) IP=::1 UA=?
[2026-08-16 02:56:16] [INFO] dicebot: [GET] /api/tavern/chat/messages → 200 (0.1ms) IP=::1 UA=?
[2026-08-16 02:56:18] [INFO] dicebot: [GET] /api/tavern/chat/messages → 200 (0.0ms) IP=::1 UA=?
[2026-08-16 02:56:18] [INFO] dicebot: [GET] /api/tavern/chat/messages → 200 (0.0ms) IP=::1 UA=?
[2026-08-16 02:56:19] [INFO] dicebot: [GET] /api/tavern/chat/messages → 200 (0.0ms) IP=::1 UA=?
[2026-08-16 02:56:20] [INFO] dicebot: [GET] /api/tavern/chat/messages → 200 (0.0ms) IP=::1 UA=?
[2026-08-16 02:56:20] [INFO] dicebot: [GET] /api/tavern/chat/messages → 200 (0.0ms) IP=::1 UA=?
[2026-08-16 02:56:22] [INFO] dicebot: [POST] /api/north/save → 200 (6.9ms) IP=::1 UA=?
[2026-08-16 02:56:22] [INFO] dicebot: [GET] /api/tavern/chat/messages → 200 (0.1ms) IP=::1 UA=?
[2026-08-16 02:56:22] [INFO] dicebot: [GET] /api/tavern/chat/messages → 200 (0.1ms) IP=::1 UA=?
[2026-08-16 02:56:22] [INFO] dicebot: [POST] /api/online/heartbeat → 200 (3.1ms) IP=::1 UA=?
[2026-08-16 02:56:24] [INFO] dicebot: [GET] /api/tavern/chat/messages → 200 (0.1ms) IP=::1 UA=?
[2026-08-16 02:56:24] [INFO] dicebot: [GET] /api/tavern/chat/messages → 200 (0.0ms) IP=::1 UA=?
[2026-08-16 02:56:26] [INFO] dicebot: [GET] /api/tavern/chat/messages → 200 (0.1ms) IP=::1 UA=?
[2026-08-16 02:56:26] [INFO] dicebot: [GET] /api/tavern/chat/messages → 200 (0.0ms) IP=::1 UA=?
[2026-08-16 02:56:28] [INFO] dicebot: [GET] /api/tavern/chat/messages → 200 (0.1ms) IP=::1 UA=?
[2026-08-16 02:56:28] [INFO] dicebot: [GET] /api/tavern/chat/messages → 200 (0.0ms) IP=::1 UA=?
[2026-08-16 02:56:30] [INFO] dicebot: [GET] /api/tavern/chat/messages → 200 (0.1ms) IP=::1 UA=?
[2026-08-16 02:56:30] [INFO] dicebot: [GET] /api/tavern/chat/messages → 200 (0.1ms) IP=::1 UA=?
[2026-08-16 02:56:32] [INFO] dicebot: [GET] /api/tavern/chat/messages → 200 (0.0ms) IP=::1 UA=?
[2026-08-16 02:56:32] [INFO] dicebot: [GET] /api/tavern/chat/messages → 200 (0.0ms) IP=::1 UA=?
[2026-08-16 02:56:34] [INFO] dicebot: [GET] /api/tavern/chat/messages → 200 (0.1ms) IP=::1 UA=?
[2026-08-16 02:56:34] [INFO] dicebot: [GET] /api/tavern/chat/messages → 200 (0.0ms) IP=::1 UA=?
[2026-08-16 02:56:36] [INFO] dicebot: [GET] /api/tavern/chat/messages → 200 (0.0ms) IP=::1 UA=?
[2026-08-16 02:56:36] [INFO] dicebot: [GET] /api/tavern/chat/messages → 200 (0.0ms) IP=::1 UA=?
[2026-08-16 02:56:38] [INFO] dicebot: [GET] /api/tavern/chat/messages → 200 (0.0ms) IP=::1 UA=?
[2026-08-16 02:56:38] [INFO] dicebot: [GET] /api/tavern/chat/messages → 200 (0.0ms) IP=::1 UA=?
[2026-08-16 02:56:40] [INFO] dicebot: [GET] /api/tavern/chat/messages → 200 (0.0ms) IP=::1 UA=?
[2026-08-16 02:56:40] [INFO] dicebot: [GET] /api/tavern/chat/messages → 200 (0.0ms) IP=::1 UA=?
[2026-08-16 02:56:42] [INFO] dicebot: [GET] /api/tavern/chat/messages → 200 (0.1ms) IP=::1 UA=?
[2026-08-16 02:56:42] [INFO] dicebot: [GET] /api/tavern/chat/messages → 200 (0.0ms) IP=::1 UA=?
[2026-08-16 02:56:42] [INFO] dicebot: [POST] /api/online/heartbeat → 200 (1.8ms) IP=::1 UA=?
[2026-08-16 02:56:44] [INFO] dicebot: [GET] /api/tavern/chat/messages → 200 (0.1ms) IP=::1 UA=?
[2026-08-16 02:56:44] [INFO] dicebot: [GET] /api/tavern/chat/messages → 200 (0.0ms) IP=::1 UA=?
[2026-08-16 02:56:46] [INFO] dicebot: [GET] /api/tavern/chat/messages → 200 (0.1ms) IP=::1 UA=?
[2026-08-16 02:56:46] [INFO] dicebot: [GET] /api/tavern/chat/messages → 200 (0.1ms) IP=::1 UA=?
[2026-08-16 02:56:48] [INFO] dicebot: [GET] /api/tavern/chat/messages → 200 (0.0ms) IP=::1 UA=?
[2026-08-16 02:56:48] [INFO] dicebot: [GET] /api/tavern/chat/messages → 200 (0.0ms) IP=::1 UA=?
[2026-08-16 02:56:50] [INFO] dicebot: [GET] /api/tavern/chat/messages → 200 (0.0ms) IP=::1 UA=?
[2026-08-16 02:56:50] [INFO] dicebot: [GET] /api/tavern/chat/messages → 200 (0.0ms) IP=::1 UA=?
[2026-08-16 02:56:52] [INFO] dicebot: [POST] /api/north/save → 200 (6.8ms) IP=::1 UA=?
[2026-08-16 02:56:52] [INFO] dicebot: [GET] /api/tavern/chat/messages → 200 (0.1ms) IP=::1 UA=?
[2026-08-16 02:56:52] [INFO] dicebot: [GET] /api/tavern/chat/messages → 200 (0.0ms) IP=::1 UA=?
[2026-08-16 02:56:54] [INFO] dicebot: [GET] /api/tavern/chat/messages → 200 (0.0ms) IP=::1 UA=?
[2026-08-16 02:56:54] [INFO] dicebot: [GET] /api/tavern/chat/messages → 200 (0.1ms) IP=::1 UA=?
[2026-08-16 02:56:56] [INFO] dicebot: [GET] /api/tavern/chat/messages → 200 (0.0ms) IP=::1 UA=?
[2026-08-16 02:56:56] [INFO] dicebot: [GET] /api/tavern/chat/messages → 200 (0.1ms) IP=::1 UA=?
[2026-08-16 02:56:58] [INFO] dicebot: [GET] /api/tavern/chat/messages → 200 (0.0ms) IP=::1 UA=?
[2026-08-16 02:56:58] [INFO] dicebot: [GET] /api/tavern/chat/messages → 200 (0.0ms) IP=::1 UA=?
[2026-08-16 02:57:00] [INFO] dicebot: [GET] /api/tavern/chat/messages → 200 (0.0ms) IP=::1 UA=?
[2026-08-16 02:57:00] [INFO] dicebot: [GET] /api/tavern/chat/messages → 200 (0.1ms) IP=::1 UA=?
[2026-08-16 02:57:02] [INFO] dicebot: [GET] /api/tavern/chat/messages → 200 (0.0ms) IP=::1 UA=?
[2026-08-16 02:57:02] [INFO] dicebot: [POST] /api/online/heartbeat → 200 (1.6ms) IP=::1 UA=?
[2026-08-16 02:57:02] [INFO] dicebot: [GET] /api/tavern/chat/messages → 200 (0.0ms) IP=::1 UA=?
[2026-08-16 02:57:04] [INFO] dicebot: [GET] /api/tavern/chat/messages → 200 (0.0ms) IP=::1 UA=?
[2026-08-16 02:57:04] [INFO] dicebot: [GET] /api/tavern/chat/messages → 200 (0.1ms) IP=::1 UA=?
[2026-08-16 02:57:06] [INFO] dicebot: [GET] /api/tavern/chat/messages → 200 (0.0ms) IP=::1 UA=?
[2026-08-16 02:57:06] [INFO] dicebot: [GET] /api/tavern/chat/messages → 200 (0.0ms) IP=::1 UA=?
[2026-08-16 02:57:08] [INFO] dicebot: [GET] /api/tavern/chat/messages → 200 (0.0ms) IP=::1 UA=?
[2026-08-16 02:57:08] [INFO] dicebot: [GET] /api/tavern/chat/messages → 200 (0.0ms) IP=::1 UA=?
[2026-08-16 02:57:10] [INFO] dicebot: [GET] /api/tavern/chat/messages → 200 (0.0ms) IP=::1 UA=?
[2026-08-16 02:57:10] [INFO] dicebot: [GET] /api/tavern/chat/messages → 200 (0.0ms) IP=::1 UA=?
[2026-08-16 02:57:12] [INFO] dicebot: [GET] /api/tavern/chat/messages → 200 (0.0ms) IP=::1 UA=?
[2026-08-16 02:57:12] [INFO] dicebot: [GET] /api/tavern/chat/messages → 200 (0.0ms) IP=::1 UA=?
[2026-08-16 02:57:14] [INFO] dicebot: [GET] /api/tavern/chat/messages → 200 (0.0ms) IP=::1 UA=?
[2026-08-16 02:57:14] [INFO] dicebot: [GET] /api/tavern/chat/messages → 200 (0.0ms) IP=::1 UA=?
[2026-08-16 02:57:16] [INFO] dicebot: [GET] /api/tavern/chat/messages → 200 (0.0ms) IP=::1 UA=?
[2026-08-16 02:57:16] [INFO] dicebot: [GET] /api/tavern/chat/messages → 200 (0.0ms) IP=::1 UA=?
[2026-08-16 02:57:18] [INFO] dicebot: [GET] /api/tavern/chat/messages → 200 (0.0ms) IP=::1 UA=?
[2026-08-16 02:57:18] [INFO] dicebot: [GET] /api/tavern/chat/messages → 200 (0.0ms) IP=::1 UA=?
[2026-08-16 02:57:20] [INFO] dicebot: [GET] /api/tavern/chat/messages → 200 (0.0ms) IP=::1 UA=?
[2026-08-16 02:57:20] [INFO] dicebot: [GET] /api/tavern/chat/messages → 200 (0.0ms) IP=::1 UA=?
[2026-08-16 02:57:22] [INFO] dicebot: [POST] /api/north/save → 200 (5.9ms) IP=::1 UA=?
[2026-08-16 02:57:22] [INFO] dicebot: [GET] /api/tavern/chat/messages → 200 (0.0ms) IP=::1 UA=?
[2026-08-16 02:57:22] [INFO] dicebot: [POST] /api/online/heartbeat → 200 (1.7ms) IP=::1 UA=?
[2026-08-16 02:57:22] [INFO] dicebot: [GET] /api/tavern/chat/messages → 200 (0.0ms) IP=::1 UA=?
[2026-08-16 02:57:24] [INFO] dicebot: [GET] /api/tavern/chat/messages → 200 (0.1ms) IP=::1 UA=?
[2026-08-16 02:57:24] [INFO] dicebot: [GET] /api/tavern/chat/messages → 200 (0.0ms) IP=::1 UA=?
[2026-08-16 02:57:26] [INFO] dicebot: [GET] /api/tavern/chat/messages → 200 (0.0ms) IP=::1 UA=?
[2026-08-16 02:57:26] [INFO] dicebot: [GET] /api/tavern/chat/messages → 200 (0.0ms) IP=::1 UA=?
[2026-08-16 02:57:28] [INFO] dicebot: [GET] /api/tavern/chat/messages → 200 (0.0ms) IP=::1 UA=?
[2026-08-16 02:57:28] [INFO] dicebot: [GET] /api/tavern/chat/messages → 200 (0.1ms) IP=::1 UA=?
[2026-08-16 02:57:30] [INFO] dicebot: [GET] /api/tavern/chat/messages → 200 (0.0ms) IP=::1 UA=?
[2026-08-16 02:57:30] [INFO] dicebot: [GET] /api/tavern/chat/messages → 200 (0.1ms) IP=::1 UA=?
[2026-08-16 02:57:32] [INFO] dicebot: [GET] /api/tavern/chat/messages → 200 (0.1ms) IP=::1 UA=?
[2026-08-16 02:57:32] [INFO] dicebot: [GET] /api/tavern/chat/messages → 200 (0.0ms) IP=::1 UA=?
[2026-08-16 02:57:34] [INFO] dicebot: [GET] /api/tavern/chat/messages → 200 (0.0ms) IP=::1 UA=?
[2026-08-16 02:57:34] [INFO] dicebot: [GET] /api/tavern/chat/messages → 200 (0.0ms) IP=::1 UA=?
[2026-08-16 02:57:36] [INFO] dicebot: [GET] /api/tavern/chat/messages → 200 (0.0ms) IP=::1 UA=?
[2026-08-16 02:57:36] [INFO] dicebot: [GET] /api/tavern/chat/messages → 200 (0.0ms) IP=::1 UA=?
[2026-08-16 02:57:38] [INFO] dicebot: [GET] /api/tavern/chat/messages → 200 (0.1ms) IP=::1 UA=?
[2026-08-16 02:57:38] [INFO] dicebot: [GET] /api/tavern/chat/messages → 200 (0.0ms) IP=::1 UA=?
[2026-08-16 02:57:40] [INFO] dicebot: [GET] /api/tavern/chat/messages → 200 (0.0ms) IP=::1 UA=?
[2026-08-16 02:57:40] [INFO] dicebot: [GET] /api/tavern/chat/messages → 200 (0.0ms) IP=::1 UA=?
[2026-08-16 02:57:42] [INFO] dicebot: [GET] /api/tavern/chat/messages → 200 (0.0ms) IP=::1 UA=?
[2026-08-16 02:57:42] [INFO] dicebot: [GET] /api/tavern/chat/messages → 200 (0.1ms) IP=::1 UA=?
[2026-08-16 02:57:42] [INFO] dicebot: [POST] /api/online/heartbeat → 200 (2.4ms) IP=::1 UA=?
[2026-08-16 02:57:44] [INFO] dicebot: [GET] /api/tavern/chat/messages → 200 (0.1ms) IP=::1 UA=?
[2026-08-16 02:57:44] [INFO] dicebot: [GET] /api/tavern/chat/messages → 200 (0.1ms) IP=::1 UA=?
[2026-08-16 02:57:46] [INFO] dicebot: [GET] /api/tavern/chat/messages → 200 (0.1ms) IP=::1 UA=?
[2026-08-16 02:57:46] [INFO] dicebot: [GET] /api/tavern/chat/messages → 200 (0.1ms) IP=::1 UA=?
[2026-08-16 02:57:48] [INFO] dicebot: [GET] /api/tavern/chat/messages → 200 (0.0ms) IP=::1 UA=?
[2026-08-16 02:57:48] [INFO] dicebot: [GET] /api/tavern/chat/messages → 200 (0.0ms) IP=::1 UA=?
[2026-08-16 02:57:50] [INFO] dicebot: [GET] /api/tavern/chat/messages → 200 (0.0ms) IP=::1 UA=?
[2026-08-16 02:57:50] [INFO] dicebot: [GET] /api/tavern/chat/messages → 200 (0.0ms) IP=::1 UA=?
[2026-08-16 02:57:52] [INFO] dicebot: [POST] /api/north/save → 200 (4.0ms) IP=::1 UA=?
[2026-08-16 02:57:52] [INFO] dicebot: [GET] /api/tavern/chat/messages → 200 (0.0ms) IP=::1 UA=?
[2026-08-16 02:57:52] [INFO] dicebot: [GET] /api/tavern/chat/messages → 200 (0.1ms) IP=::1 UA=?
[2026-08-16 02:57:54] [INFO] dicebot: [GET] /api/tavern/chat/messages → 200 (0.0ms) IP=::1 UA=?
[2026-08-16 02:57:54] [INFO] dicebot: [GET] /api/tavern/chat/messages → 200 (0.0ms) IP=::1 UA=?
[2026-08-16 02:57:56] [INFO] dicebot: [GET] /api/tavern/chat/messages → 200 (0.1ms) IP=::1 UA=?
[2026-08-16 02:57:56] [INFO] dicebot: [GET] /api/tavern/chat/messages → 200 (0.1ms) IP=::1 UA=?
[2026-08-16 02:57:58] [INFO] dicebot: [GET] /api/tavern/chat/messages → 200 (0.0ms) IP=::1 UA=?
[2026-08-16 02:57:58] [INFO] dicebot: [GET] /api/tavern/chat/messages → 200 (0.1ms) IP=::1 UA=?
[2026-08-16 02:58:00] [INFO] dicebot: [GET] /api/tavern/chat/messages → 200 (0.0ms) IP=::1 UA=?
[2026-08-16 02:58:00] [INFO] dicebot: [GET] /api/tavern/chat/messages → 200 (0.0ms) IP=::1 UA=?
[2026-08-16 02:58:02] [INFO] dicebot: [GET] /api/tavern/chat/messages → 200 (0.0ms) IP=::1 UA=?
[2026-08-16 02:58:02] [INFO] dicebot: [GET] /api/tavern/chat/messages → 200 (0.0ms) IP=::1 UA=?
[2026-08-16 02:58:02] [INFO] dicebot: [POST] /api/online/heartbeat → 200 (1.6ms) IP=::1 UA=?
[2026-08-16 02:58:04] [INFO] dicebot: [GET] /api/tavern/chat/messages → 200 (0.0ms) IP=::1 UA=?
[2026-08-16 02:58:04] [INFO] dicebot: [GET] /api/tavern/chat/messages → 200 (0.0ms) IP=::1 UA=?
[2026-08-16 02:58:06] [INFO] dicebot: [GET] /api/tavern/chat/messages → 200 (0.0ms) IP=::1 UA=?
[2026-08-16 02:58:06] [INFO] dicebot: [GET] /api/tavern/chat/messages → 200 (0.0ms) IP=::1 UA=?
[2026-08-16 02:58:08] [INFO] dicebot: [GET] /api/tavern/chat/messages → 200 (0.1ms) IP=::1 UA=?
[2026-08-16 02:58:08] [INFO] dicebot: [GET] /api/tavern/chat/messages → 200 (0.0ms) IP=::1 UA=?
[2026-08-16 02:58:10] [INFO] dicebot: [GET] /api/tavern/chat/messages → 200 (0.0ms) IP=::1 UA=?
[2026-08-16 02:58:10] [INFO] dicebot: [GET] /api/tavern/chat/messages → 200 (0.0ms) IP=::1 UA=?
[2026-08-16 02:58:12] [INFO] dicebot: [GET] /api/tavern/chat/messages → 200 (0.0ms) IP=::1 UA=?
[2026-08-16 02:58:12] [INFO] dicebot: [GET] /api/tavern/chat/messages → 200 (0.0ms) IP=::1 UA=?
[2026-08-16 02:58:14] [INFO] dicebot: [GET] /api/tavern/chat/messages → 200 (0.1ms) IP=::1 UA=?
[2026-08-16 02:58:14] [INFO] dicebot: [GET] /api/tavern/chat/messages → 200 (0.0ms) IP=::1 UA=?
[2026-08-16 02:58:16] [INFO] dicebot: [GET] /api/tavern/chat/messages → 200 (0.0ms) IP=::1 UA=?
[2026-08-16 02:58:16] [INFO] dicebot: [GET] /api/tavern/chat/messages → 200 (0.1ms) IP=::1 UA=?
[2026-08-16 02:58:18] [INFO] dicebot: [GET] /api/tavern/chat/messages → 200 (0.0ms) IP=::1 UA=?
[2026-08-16 02:58:18] [INFO] dicebot: [GET] /api/tavern/chat/messages → 200 (0.0ms) IP=::1 UA=?
[2026-08-16 02:58:20] [INFO] dicebot: [GET] /api/tavern/chat/messages → 200 (0.0ms) IP=::1 UA=?
[2026-08-16 02:58:20] [INFO] dicebot: [GET] /api/tavern/chat/messages → 200 (0.0ms) IP=::1 UA=?
[2026-08-16 02:58:22] [INFO] dicebot: [POST] /api/north/save → 200 (4.3ms) IP=::1 UA=?
[2026-08-16 02:58:22] [INFO] dicebot: [GET] /api/tavern/chat/messages → 200 (0.0ms) IP=::1 UA=?
[2026-08-16 02:58:22] [INFO] dicebot: [GET] /api/tavern/chat/messages → 200 (0.0ms) IP=::1 UA=?
[2026-08-16 02:58:22] [INFO] dicebot: [POST] /api/online/heartbeat → 200 (1.6ms) IP=::1 UA=?
[2026-08-16 02:58:24] [INFO] dicebot: [GET] /api/tavern/chat/messages → 200 (0.0ms) IP=::1 UA=?
[2026-08-16 02:58:24] [INFO] dicebot: [GET] /api/tavern/chat/messages → 200 (0.0ms) IP=::1 UA=?
[2026-08-16 02:58:26] [INFO] dicebot: [GET] /api/tavern/chat/messages → 200 (0.1ms) IP=::1 UA=?
[2026-08-16 02:58:26] [INFO] dicebot: [GET] /api/tavern/chat/messages → 200 (0.0ms) IP=::1 UA=?
[2026-08-16 02:58:28] [INFO] dicebot: [GET] /api/tavern/chat/messages → 200 (0.0ms) IP=::1 UA=?
[2026-08-16 02:58:28] [INFO] dicebot: [GET] /api/tavern/chat/messages → 200 (0.1ms) IP=::1 UA=?
[2026-08-16 02:58:30] [INFO] dicebot: [GET] /api/tavern/chat/messages → 200 (0.0ms) IP=::1 UA=?
[2026-08-16 02:58:30] [INFO] dicebot: [GET] /api/tavern/chat/messages → 200 (0.0ms) IP=::1 UA=?
[2026-08-16 02:58:32] [INFO] dicebot: [GET] /api/tavern/chat/messages → 200 (0.0ms) IP=::1 UA=?
[2026-08-16 02:58:32] [INFO] dicebot: [GET] /api/tavern/chat/messages → 200 (0.0ms) IP=::1 UA=?
[2026-08-16 02:58:34] [INFO] dicebot: [GET] /api/tavern/chat/messages → 200 (0.0ms) IP=::1 UA=?
[2026-08-16 02:58:34] [INFO] dicebot: [GET] /api/tavern/chat/messages → 200 (0.0ms) IP=::1 UA=?
[2026-08-16 02:58:36] [INFO] dicebot: [GET] /api/tavern/chat/messages → 200 (0.0ms) IP=::1 UA=?
[2026-08-16 02:58:36] [INFO] dicebot: [GET] /api/tavern/chat/messages → 200 (0.0ms) IP=::1 UA=?
[2026-08-16 02:58:38] [INFO] dicebot: [GET] /api/tavern/chat/messages → 200 (0.1ms) IP=::1 UA=?
[2026-08-16 02:58:38] [INFO] dicebot: [GET] /api/tavern/chat/messages → 200 (0.0ms) IP=::1 UA=?
[2026-08-16 02:58:40] [INFO] dicebot: [GET] /api/tavern/chat/messages → 200 (0.0ms) IP=::1 UA=?
[2026-08-16 02:58:40] [INFO] dicebot: [GET] /api/tavern/chat/messages → 200 (0.0ms) IP=::1 UA=?
[2026-08-16 02:58:42] [INFO] dicebot: [GET] /api/tavern/chat/messages → 200 (0.0ms) IP=::1 UA=?
[2026-08-16 02:58:42] [INFO] dicebot: [POST] /api/online/heartbeat → 200 (1.5ms) IP=::1 UA=?
[2026-08-16 02:58:42] [INFO] dicebot: [GET] /api/tavern/chat/messages → 200 (0.0ms) IP=::1 UA=?
[2026-08-16 02:58:44] [INFO] dicebot: [GET] /api/tavern/chat/messages → 200 (0.0ms) IP=::1 UA=?
[2026-08-16 02:58:44] [INFO] dicebot: [GET] /api/tavern/chat/messages → 200 (0.0ms) IP=::1 UA=?
[2026-08-16 02:58:46] [INFO] dicebot: [GET] /api/tavern/chat/messages → 200 (0.1ms) IP=::1 UA=?
[2026-08-16 02:58:46] [INFO] dicebot: [GET] /api/tavern/chat/messages → 200 (0.0ms) IP=::1 UA=?
[2026-08-16 02:58:48] [INFO] dicebot: [GET] /api/tavern/chat/messages → 200 (0.0ms) IP=::1 UA=?
[2026-08-16 02:58:48] [INFO] dicebot: [GET] /api/tavern/chat/messages → 200 (0.0ms) IP=::1 UA=?
[2026-08-16 02:58:50] [INFO] dicebot: [GET] /api/tavern/chat/messages → 200 (0.0ms) IP=::1 UA=?
[2026-08-16 02:58:50] [INFO] dicebot: [GET] /api/tavern/chat/messages → 200 (0.0ms) IP=::1 UA=?
[2026-08-16 02:58:52] [INFO] dicebot: [POST] /api/north/save → 200 (5.4ms) IP=::1 UA=?
[2026-08-16 02:58:52] [INFO] dicebot: [GET] /api/tavern/chat/messages → 200 (0.0ms) IP=::1 UA=?
[2026-08-16 02:58:52] [INFO] dicebot: [GET] /api/tavern/chat/messages → 200 (0.1ms) IP=::1 UA=?
[2026-08-16 02:58:54] [INFO] dicebot: [GET] /api/tavern/chat/messages → 200 (0.1ms) IP=::1 UA=?
[2026-08-16 02:58:54] [INFO] dicebot: [GET] /api/tavern/chat/messages → 200 (0.0ms) IP=::1 UA=?
[2026-08-16 02:58:56] [INFO] dicebot: [GET] /api/tavern/chat/messages → 200 (0.1ms) IP=::1 UA=?
[2026-08-16 02:58:56] [INFO] dicebot: [GET] /api/tavern/chat/messages → 200 (0.1ms) IP=::1 UA=?
[2026-08-16 02:58:58] [INFO] dicebot: [GET] /api/tavern/chat/messages → 200 (0.0ms) IP=::1 UA=?
[2026-08-16 02:58:58] [INFO] dicebot: [GET] /api/tavern/chat/messages → 200 (0.2ms) IP=::1 UA=?
[2026-08-16 02:59:00] [INFO] dicebot: [GET] /api/tavern/chat/messages → 200 (0.1ms) IP=::1 UA=?
[2026-08-16 02:59:00] [INFO] dicebot: [GET] /api/tavern/chat/messages → 200 (0.0ms) IP=::1 UA=?
[2026-08-16 02:59:02] [INFO] dicebot: [GET] /api/tavern/chat/messages → 200 (0.0ms) IP=::1 UA=?
[2026-08-16 02:59:02] [INFO] dicebot: [POST] /api/online/heartbeat → 200 (1.2ms) IP=::1 UA=?
[2026-08-16 02:59:02] [INFO] dicebot: [GET] /api/tavern/chat/messages → 200 (0.0ms) IP=::1 UA=?
[2026-08-16 02:59:04] [INFO] dicebot: [GET] /api/tavern/chat/messages → 200 (0.0ms) IP=::1 UA=?
[2026-08-16 02:59:04] [INFO] dicebot: [GET] /api/tavern/chat/messages → 200 (0.0ms) IP=::1 UA=?
[2026-08-16 02:59:06] [INFO] dicebot: [GET] /api/tavern/chat/messages → 200 (0.1ms) IP=::1 UA=?
[2026-08-16 02:59:06] [INFO] dicebot: [GET] /api/tavern/chat/messages → 200 (0.1ms) IP=::1 UA=?
[2026-08-16 02:59:08] [INFO] dicebot: [GET] /api/tavern/chat/messages → 200 (0.0ms) IP=::1 UA=?
[2026-08-16 02:59:08] [INFO] dicebot: [GET] /api/tavern/chat/messages → 200 (0.0ms) IP=::1 UA=?
[2026-08-16 02:59:10] [INFO] dicebot: [GET] /api/tavern/chat/messages → 200 (0.0ms) IP=::1 UA=?
[2026-08-16 02:59:10] [INFO] dicebot: [GET] /api/tavern/chat/messages → 200 (0.0ms) IP=::1 UA=?
[2026-08-16 02:59:12] [INFO] dicebot: [GET] /api/tavern/chat/messages → 200 (0.0ms) IP=::1 UA=?
[2026-08-16 02:59:12] [INFO] dicebot: [GET] /api/tavern/chat/messages → 200 (0.0ms) IP=::1 UA=?
[2026-08-16 02:59:14] [INFO] dicebot: [GET] /api/tavern/chat/messages → 200 (0.0ms) IP=::1 UA=?
[2026-08-16 02:59:14] [INFO] dicebot: [GET] /api/tavern/chat/messages → 200 (0.0ms) IP=::1 UA=?
[2026-08-16 02:59:16] [INFO] dicebot: [GET] /api/tavern/chat/messages → 200 (0.1ms) IP=::1 UA=?
[2026-08-16 02:59:16] [INFO] dicebot: [GET] /api/tavern/chat/messages → 200 (0.1ms) IP=::1 UA=?
[2026-08-16 02:59:18] [INFO] dicebot: [GET] /api/tavern/chat/messages → 200 (0.0ms) IP=::1 UA=?
[2026-08-16 02:59:18] [INFO] dicebot: [GET] /api/tavern/chat/messages → 200 (0.0ms) IP=::1 UA=?
[2026-08-16 02:59:20] [INFO] dicebot: [GET] /api/tavern/chat/messages → 200 (0.0ms) IP=::1 UA=?
[2026-08-16 02:59:20] [INFO] dicebot: [GET] /api/tavern/chat/messages → 200 (0.1ms) IP=::1 UA=?
[2026-08-16 02:59:22] [INFO] dicebot: [POST] /api/north/save → 200 (8.3ms) IP=::1 UA=?
[2026-08-16 02:59:22] [INFO] dicebot: [GET] /api/tavern/chat/messages → 200 (0.1ms) IP=::1 UA=?
[2026-08-16 02:59:22] [INFO] dicebot: [GET] /api/tavern/chat/messages → 200 (0.0ms) IP=::1 UA=?
[2026-08-16 02:59:22] [INFO] dicebot: [POST] /api/online/heartbeat → 200 (2.6ms) IP=::1 UA=?
[2026-08-16 02:59:24] [INFO] dicebot: [GET] /api/tavern/chat/messages → 200 (0.1ms) IP=::1 UA=?
[2026-08-16 02:59:24] [INFO] dicebot: [GET] /api/tavern/chat/messages → 200 (0.1ms) IP=::1 UA=?
[2026-08-16 02:59:26] [INFO] dicebot: [GET] /api/tavern/chat/messages → 200 (0.0ms) IP=::1 UA=?
[2026-08-16 02:59:26] [INFO] dicebot: [GET] /api/tavern/chat/messages → 200 (0.0ms) IP=::1 UA=?
[2026-08-16 02:59:28] [INFO] dicebot: [GET] /api/tavern/chat/messages → 200 (0.0ms) IP=::1 UA=?
[2026-08-16 02:59:28] [INFO] dicebot: [GET] /api/tavern/chat/messages → 200 (0.1ms) IP=::1 UA=?
[2026-08-16 02:59:30] [INFO] dicebot: [GET] /api/tavern/chat/messages → 200 (0.0ms) IP=::1 UA=?
[2026-08-16 02:59:30] [INFO] dicebot: [GET] /api/tavern/chat/messages → 200 (0.0ms) IP=::1 UA=?
[2026-08-16 02:59:32] [INFO] dicebot: [GET] /api/tavern/chat/messages → 200 (0.0ms) IP=::1 UA=?
[2026-08-16 02:59:32] [INFO] dicebot: [GET] /api/tavern/chat/messages → 200 (0.0ms) IP=::1 UA=?
[2026-08-16 02:59:34] [INFO] dicebot: [GET] /api/tavern/chat/messages → 200 (0.0ms) IP=::1 UA=?
[2026-08-16 02:59:34] [INFO] dicebot: [GET] /api/tavern/chat/messages → 200 (0.0ms) IP=::1 UA=?
[2026-08-16 02:59:36] [INFO] dicebot: [GET] /api/tavern/chat/messages → 200 (0.0ms) IP=::1 UA=?
[2026-08-16 02:59:36] [INFO] dicebot: [GET] /api/tavern/chat/messages → 200 (0.0ms) IP=::1 UA=?
[2026-08-16 02:59:38] [INFO] dicebot: [GET] /api/tavern/chat/messages → 200 (0.0ms) IP=::1 UA=?
[2026-08-16 02:59:38] [INFO] dicebot: [GET] /api/tavern/chat/messages → 200 (0.0ms) IP=::1 UA=?
[2026-08-16 02:59:40] [INFO] dicebot: [GET] /api/tavern/chat/messages → 200 (0.1ms) IP=::1 UA=?
[2026-08-16 02:59:40] [INFO] dicebot: [GET] /api/tavern/chat/messages → 200 (0.0ms) IP=::1 UA=?
[2026-08-16 02:59:46] [INFO] dicebot.mod_loader: 加载Mod: dicebot-mod v2.1.0 — 骰娘动态掷骰Mod (FastAPI)
[2026-08-16 02:59:46] [INFO] dicebot.mod.dicebot-mod: 骰娘动态掷骰Mod 已注册 (FastAPI: http://localhost:8001)
[2026-08-16 02:59:46] [INFO] dicebot.mod.dicebot-mod:   状态: /api/mod/dicebot-mod/status
[2026-08-16 02:59:46] [INFO] dicebot.mod.dicebot-mod:   启动: POST /api/mod/dicebot-mod/start
[2026-08-16 02:59:46] [INFO] dicebot.mod.dicebot-mod:   掷骰: POST /api/mod/dicebot-mod/roll
[2026-08-16 02:59:46] [INFO] dicebot.mod_loader:   路由已注册: /api/mod/dicebot-mod
[2026-08-16 02:59:46] [INFO] dicebot.mod_loader: Mod加载成功: dicebot-mod
[2026-08-16 02:59:46] [INFO] dicebot.mod_loader: 加载Mod: example-hello v1.0.0 — 示例Mod - Hello
[2026-08-16 02:59:46] [INFO] dicebot.mod_loader:   路由已注册: /api/mod/example-hello
[2026-08-16 02:59:46] [INFO] dicebot.mod_loader: Mod加载成功: example-hello
[2026-08-16 02:59:46] [INFO] dicebot: Flask 请求日志中间件已安装
[2026-08-16 02:59:46] [INFO] dicebot: 尘封之卷 Web 服务器启动中...
[2026-08-16 02:59:46] [INFO] dicebot: 已监听 IPv6 ::1（加速 localhost 访问）
[2026-08-16 02:59:50] [INFO] dicebot: [GET] /api/auth/me → 401 (0.1ms) IP=::1 UA=?
[2026-08-16 02:59:50] [INFO] dicebot: [GET] /api/online/users → 200 (0.0ms) IP=::1 UA=?
[2026-08-16 02:59:50] [INFO] dicebot: [GET] /api/auth/me → 401 (0.0ms) IP=::1 UA=?
[2026-08-16 02:59:50] [INFO] dicebot: [GET] /api/community/boards → 200 (6.8ms) IP=::1 UA=?
[2026-08-16 02:59:50] [INFO] dicebot: [GET] /api/topics → 200 (68.8ms) IP=::1 UA=?
[2026-08-16 02:59:50] [INFO] dicebot: [GET] /api/workshop/items → 200 (80.0ms) IP=::1 UA=?
[2026-08-16 02:59:50] [INFO] dicebot: [GET] /api/stats/overview → 200 (83.8ms) IP=::1 UA=?
[2026-08-16 02:59:50] [INFO] dicebot: [GET] /api/announcements → 200 (2.8ms) IP=::1 UA=?
[2026-08-16 02:59:50] [INFO] dicebot: [POST] /api/online/heartbeat → 200 (0.1ms) IP=::1 UA=?
[2026-08-16 02:59:53] [INFO] dicebot: [POST] /api/auth/login → 200 (100.0ms) IP=::1 UA=?
[2026-08-16 02:59:54] [INFO] dicebot: [GET] /api/auth/me → 200 (7.9ms) IP=::1 UA=?
[2026-08-16 02:59:54] [INFO] dicebot: [POST] /api/online/leave → 200 (0.1ms) IP=::1 UA=?
[2026-08-16 02:59:54] [INFO] dicebot: [POST] /api/online/leave → 200 (0.1ms) IP=::1 UA=?
[2026-08-16 02:59:55] [INFO] dicebot: [GET] /api/auth/me → 200 (3.7ms) IP=::1 UA=?
[2026-08-16 02:59:55] [INFO] dicebot: [POST] /api/online/heartbeat → 200 (1.8ms) IP=::1 UA=?
[2026-08-16 02:59:55] [INFO] dicebot: [GET] /api/north/load → 200 (8.1ms) IP=::1 UA=?
[2026-08-16 02:59:55] [INFO] dicebot: [GET] /api/auth/me → 200 (3.8ms) IP=::1 UA=?
[2026-08-16 02:59:55] [INFO] dicebot: [GET] /api/north/load → 200 (6.7ms) IP=::1 UA=?
[2026-08-16 02:59:55] [INFO] dicebot: [GET] /api/north/load → 200 (3.6ms) IP=::1 UA=?
[2026-08-16 02:59:57] [INFO] dicebot: [GET] /api/tavern/chat/messages → 200 (0.1ms) IP=::1 UA=?
[2026-08-16 02:59:57] [INFO] dicebot: [GET] /api/tavern/chat/messages → 200 (0.0ms) IP=::1 UA=?
[2026-08-16 02:59:59] [INFO] dicebot: [GET] /api/tavern/chat/messages → 200 (0.0ms) IP=::1 UA=?
[2026-08-16 02:59:59] [INFO] dicebot: [GET] /api/tavern/chat/messages → 200 (0.0ms) IP=::1 UA=?
[2026-08-16 03:00:01] [INFO] dicebot: [GET] /api/tavern/chat/messages → 200 (0.1ms) IP=::1 UA=?
[2026-08-16 03:00:01] [INFO] dicebot: [GET] /api/tavern/chat/messages → 200 (0.0ms) IP=::1 UA=?
[2026-08-16 03:00:03] [INFO] dicebot: [GET] /api/tavern/chat/messages → 200 (1.7ms) IP=::1 UA=?
[2026-08-16 03:00:03] [INFO] dicebot: [GET] /api/tavern/chat/messages → 200 (0.0ms) IP=::1 UA=?
[2026-08-16 03:00:05] [INFO] dicebot: [GET] /api/tavern/chat/messages → 200 (0.0ms) IP=::1 UA=?
[2026-08-16 03:00:05] [INFO] dicebot: [GET] /api/tavern/chat/messages → 200 (0.0ms) IP=::1 UA=?
[2026-08-16 03:00:07] [INFO] dicebot: [GET] /api/tavern/chat/messages → 200 (0.1ms) IP=::1 UA=?
[2026-08-16 03:00:07] [INFO] dicebot: [GET] /api/tavern/chat/messages → 200 (0.0ms) IP=::1 UA=?
[2026-08-16 03:00:09] [INFO] dicebot: [GET] /api/tavern/chat/messages → 200 (0.0ms) IP=::1 UA=?
[2026-08-16 03:00:09] [INFO] dicebot: [GET] /api/tavern/chat/messages → 200 (0.0ms) IP=::1 UA=?
[2026-08-16 03:00:11] [INFO] dicebot: [GET] /api/tavern/chat/messages → 200 (0.0ms) IP=::1 UA=?
[2026-08-16 03:00:11] [INFO] dicebot: [GET] /api/tavern/chat/messages → 200 (0.0ms) IP=::1 UA=?
[2026-08-16 03:00:13] [INFO] dicebot: [GET] /api/tavern/chat/messages → 200 (0.0ms) IP=::1 UA=?
[2026-08-16 03:00:13] [INFO] dicebot: [GET] /api/tavern/chat/messages → 200 (0.0ms) IP=::1 UA=?
[2026-08-16 03:00:15] [INFO] dicebot: [GET] /api/tavern/chat/messages → 200 (0.0ms) IP=::1 UA=?
[2026-08-16 03:00:15] [INFO] dicebot: [POST] /api/online/heartbeat → 200 (1.8ms) IP=::1 UA=?
[2026-08-16 03:00:15] [INFO] dicebot: [GET] /api/tavern/chat/messages → 200 (0.1ms) IP=::1 UA=?
[2026-08-16 03:00:17] [INFO] dicebot: [GET] /api/tavern/chat/messages → 200 (0.1ms) IP=::1 UA=?
[2026-08-16 03:00:17] [INFO] dicebot: [GET] /api/tavern/chat/messages → 200 (0.0ms) IP=::1 UA=?
[2026-08-16 03:00:19] [INFO] dicebot: [GET] /api/tavern/chat/messages → 200 (0.0ms) IP=::1 UA=?
[2026-08-16 03:00:19] [INFO] dicebot: [GET] /api/tavern/chat/messages → 200 (0.0ms) IP=::1 UA=?
[2026-08-16 03:00:21] [INFO] dicebot: [GET] /api/tavern/chat/messages → 200 (0.0ms) IP=::1 UA=?
[2026-08-16 03:00:21] [INFO] dicebot: [GET] /api/tavern/chat/messages → 200 (0.0ms) IP=::1 UA=?
[2026-08-16 03:00:23] [INFO] dicebot: [GET] /api/tavern/chat/messages → 200 (0.0ms) IP=::1 UA=?
[2026-08-16 03:00:23] [INFO] dicebot: [GET] /api/tavern/chat/messages → 200 (0.0ms) IP=::1 UA=?
[2026-08-16 03:00:24] [INFO] dicebot: [POST] /api/error-report → 200 (1.3ms) IP=::1 UA=?
[2026-08-16 03:00:24] [INFO] dicebot: [POST] /api/error-report → 200 (0.7ms) IP=::1 UA=?
[2026-08-16 03:00:25] [INFO] dicebot: [GET] /api/tavern/chat/messages → 200 (0.1ms) IP=::1 UA=?
[2026-08-16 03:00:25] [INFO] dicebot: [GET] /api/tavern/chat/messages → 200 (0.0ms) IP=::1 UA=?
[2026-08-16 03:00:27] [INFO] dicebot: [GET] /api/tavern/chat/messages → 200 (0.0ms) IP=::1 UA=?
[2026-08-16 03:00:27] [INFO] dicebot: [GET] /api/tavern/chat/messages → 200 (0.0ms) IP=::1 UA=?
[2026-08-16 03:00:29] [INFO] dicebot: [GET] /api/tavern/chat/messages → 200 (0.1ms) IP=::1 UA=?
[2026-08-16 03:00:29] [INFO] dicebot: [GET] /api/tavern/chat/messages → 200 (0.0ms) IP=::1 UA=?
[2026-08-16 03:00:31] [INFO] dicebot: [GET] /api/tavern/chat/messages → 200 (0.1ms) IP=::1 UA=?
[2026-08-16 03:00:31] [INFO] dicebot: [GET] /api/tavern/chat/messages → 200 (0.1ms) IP=::1 UA=?
[2026-08-16 03:00:33] [INFO] dicebot: [GET] /api/tavern/chat/messages → 200 (0.1ms) IP=::1 UA=?
[2026-08-16 03:00:33] [INFO] dicebot: [GET] /api/tavern/chat/messages → 200 (0.0ms) IP=::1 UA=?
[2026-08-16 03:00:35] [INFO] dicebot: [GET] /api/tavern/chat/messages → 200 (0.0ms) IP=::1 UA=?
[2026-08-16 03:00:35] [INFO] dicebot: [POST] /api/online/heartbeat → 200 (1.5ms) IP=::1 UA=?
[2026-08-16 03:00:35] [INFO] dicebot: [GET] /api/tavern/chat/messages → 200 (0.0ms) IP=::1 UA=?
[2026-08-16 03:00:37] [INFO] dicebot: [GET] /api/tavern/chat/messages → 200 (0.1ms) IP=::1 UA=?
[2026-08-16 03:00:37] [INFO] dicebot: [GET] /api/tavern/chat/messages → 200 (0.0ms) IP=::1 UA=?
[2026-08-16 03:00:39] [INFO] dicebot: [GET] /api/tavern/chat/messages → 200 (0.0ms) IP=::1 UA=?
[2026-08-16 03:00:39] [INFO] dicebot: [GET] /api/tavern/chat/messages → 200 (0.0ms) IP=::1 UA=?
[2026-08-16 03:00:41] [INFO] dicebot: [GET] /api/tavern/chat/messages → 200 (0.0ms) IP=::1 UA=?
[2026-08-16 03:00:41] [INFO] dicebot: [GET] /api/tavern/chat/messages → 200 (0.0ms) IP=::1 UA=?
[2026-08-16 03:00:43] [INFO] dicebot: [GET] /api/tavern/chat/messages → 200 (0.0ms) IP=::1 UA=?
[2026-08-16 03:00:43] [INFO] dicebot: [GET] /api/tavern/chat/messages → 200 (0.0ms) IP=::1 UA=?
[2026-08-16 03:00:45] [INFO] dicebot: [GET] /api/tavern/chat/messages → 200 (0.0ms) IP=::1 UA=?
[2026-08-16 03:00:45] [INFO] dicebot: [GET] /api/tavern/chat/messages → 200 (0.0ms) IP=::1 UA=?
[2026-08-16 03:00:47] [INFO] dicebot: [GET] /api/tavern/chat/messages → 200 (0.0ms) IP=::1 UA=?
[2026-08-16 03:00:47] [INFO] dicebot: [GET] /api/tavern/chat/messages → 200 (0.0ms) IP=::1 UA=?
[2026-08-16 03:00:49] [INFO] dicebot: [GET] /api/tavern/chat/messages → 200 (0.1ms) IP=::1 UA=?
[2026-08-16 03:00:49] [INFO] dicebot: [GET] /api/tavern/chat/messages → 200 (0.0ms) IP=::1 UA=?
[2026-08-16 03:00:51] [INFO] dicebot: [GET] /api/tavern/chat/messages → 200 (0.0ms) IP=::1 UA=?
[2026-08-16 03:00:51] [INFO] dicebot: [GET] /api/tavern/chat/messages → 200 (0.0ms) IP=::1 UA=?
[2026-08-16 03:00:53] [INFO] dicebot: [GET] /api/tavern/chat/messages → 200 (0.0ms) IP=::1 UA=?
[2026-08-16 03:00:53] [INFO] dicebot: [GET] /api/tavern/chat/messages → 200 (0.0ms) IP=::1 UA=?
[2026-08-16 03:00:54] [INFO] dicebot: [POST] /api/error-report → 200 (0.9ms) IP=::1 UA=?
[2026-08-16 03:00:54] [INFO] dicebot: [POST] /api/error-report → 200 (0.7ms) IP=::1 UA=?
[2026-08-16 03:00:55] [INFO] dicebot: [GET] /api/tavern/chat/messages → 200 (0.0ms) IP=::1 UA=?
[2026-08-16 03:00:55] [INFO] dicebot: [POST] /api/online/heartbeat → 200 (1.7ms) IP=::1 UA=?
[2026-08-16 03:00:55] [INFO] dicebot: [GET] /api/tavern/chat/messages → 200 (0.1ms) IP=::1 UA=?
[2026-08-16 03:00:57] [INFO] dicebot: [GET] /api/tavern/chat/messages → 200 (0.1ms) IP=::1 UA=?
[2026-08-16 03:00:57] [INFO] dicebot: [GET] /api/tavern/chat/messages → 200 (0.1ms) IP=::1 UA=?
[2026-08-16 03:00:59] [INFO] dicebot: [GET] /api/tavern/chat/messages → 200 (0.1ms) IP=::1 UA=?
[2026-08-16 03:00:59] [INFO] dicebot: [GET] /api/tavern/chat/messages → 200 (0.0ms) IP=::1 UA=?
[2026-08-16 03:01:01] [INFO] dicebot: [GET] /api/tavern/chat/messages → 200 (0.0ms) IP=::1 UA=?
[2026-08-16 03:01:01] [INFO] dicebot: [GET] /api/tavern/chat/messages → 200 (0.0ms) IP=::1 UA=?
[2026-08-16 03:01:03] [INFO] dicebot: [GET] /api/tavern/chat/messages → 200 (0.0ms) IP=::1 UA=?
[2026-08-16 03:01:03] [INFO] dicebot: [GET] /api/tavern/chat/messages → 200 (0.0ms) IP=::1 UA=?
[2026-08-16 03:01:05] [INFO] dicebot: [GET] /api/tavern/chat/messages → 200 (0.0ms) IP=::1 UA=?
[2026-08-16 03:01:05] [INFO] dicebot: [GET] /api/tavern/chat/messages → 200 (0.1ms) IP=::1 UA=?
[2026-08-16 03:01:07] [INFO] dicebot: [GET] /api/tavern/chat/messages → 200 (0.0ms) IP=::1 UA=?
[2026-08-16 03:01:07] [INFO] dicebot: [GET] /api/tavern/chat/messages → 200 (0.0ms) IP=::1 UA=?
[2026-08-16 03:01:09] [INFO] dicebot: [GET] /api/tavern/chat/messages → 200 (0.0ms) IP=::1 UA=?
[2026-08-16 03:01:09] [INFO] dicebot: [GET] /api/tavern/chat/messages → 200 (0.1ms) IP=::1 UA=?
[2026-08-16 03:01:11] [INFO] dicebot: [GET] /api/tavern/chat/messages → 200 (0.1ms) IP=::1 UA=?
[2026-08-16 03:01:11] [INFO] dicebot: [GET] /api/tavern/chat/messages → 200 (0.0ms) IP=::1 UA=?
[2026-08-16 03:01:13] [INFO] dicebot: [GET] /api/tavern/chat/messages → 200 (0.0ms) IP=::1 UA=?
[2026-08-16 03:01:13] [INFO] dicebot: [GET] /api/tavern/chat/messages → 200 (0.0ms) IP=::1 UA=?
[2026-08-16 03:01:15] [INFO] dicebot: [GET] /api/tavern/chat/messages → 200 (0.1ms) IP=::1 UA=?
[2026-08-16 03:01:15] [INFO] dicebot: [POST] /api/online/heartbeat → 200 (1.6ms) IP=::1 UA=?
[2026-08-16 03:01:15] [INFO] dicebot: [GET] /api/tavern/chat/messages → 200 (0.0ms) IP=::1 UA=?
[2026-08-16 03:01:17] [INFO] dicebot: [GET] /api/tavern/chat/messages → 200 (0.1ms) IP=::1 UA=?
[2026-08-16 03:01:17] [INFO] dicebot: [GET] /api/tavern/chat/messages → 200 (0.0ms) IP=::1 UA=?
[2026-08-16 03:01:19] [INFO] dicebot: [GET] /api/tavern/chat/messages → 200 (0.0ms) IP=::1 UA=?
[2026-08-16 03:01:19] [INFO] dicebot: [GET] /api/tavern/chat/messages → 200 (0.0ms) IP=::1 UA=?
[2026-08-16 03:01:21] [INFO] dicebot: [GET] /api/tavern/chat/messages → 200 (0.0ms) IP=::1 UA=?
[2026-08-16 03:01:21] [INFO] dicebot: [GET] /api/tavern/chat/messages → 200 (0.0ms) IP=::1 UA=?
[2026-08-16 03:01:23] [INFO] dicebot: [GET] /api/tavern/chat/messages → 200 (0.1ms) IP=::1 UA=?
[2026-08-16 03:01:23] [INFO] dicebot: [GET] /api/tavern/chat/messages → 200 (0.0ms) IP=::1 UA=?
[2026-08-16 03:01:24] [INFO] dicebot: [POST] /api/error-report → 200 (0.8ms) IP=::1 UA=?
[2026-08-16 03:01:24] [INFO] dicebot: [POST] /api/error-report → 200 (0.7ms) IP=::1 UA=?
[2026-08-16 03:01:25] [INFO] dicebot: [GET] /api/tavern/chat/messages → 200 (0.0ms) IP=::1 UA=?
[2026-08-16 03:01:25] [INFO] dicebot: [GET] /api/tavern/chat/messages → 200 (0.0ms) IP=::1 UA=?
[2026-08-16 03:01:27] [INFO] dicebot: [GET] /api/tavern/chat/messages → 200 (0.0ms) IP=::1 UA=?
[2026-08-16 03:01:27] [INFO] dicebot: [GET] /api/tavern/chat/messages → 200 (0.1ms) IP=::1 UA=?
[2026-08-16 03:01:29] [INFO] dicebot: [GET] /api/tavern/chat/messages → 200 (0.0ms) IP=::1 UA=?
[2026-08-16 03:01:29] [INFO] dicebot: [GET] /api/tavern/chat/messages → 200 (0.1ms) IP=::1 UA=?
[2026-08-16 03:01:31] [INFO] dicebot: [GET] /api/tavern/chat/messages → 200 (0.1ms) IP=::1 UA=?
[2026-08-16 03:01:31] [INFO] dicebot: [GET] /api/tavern/chat/messages → 200 (0.0ms) IP=::1 UA=?
[2026-08-16 03:01:33] [INFO] dicebot: [GET] /api/tavern/chat/messages → 200 (0.0ms) IP=::1 UA=?
[2026-08-16 03:01:33] [INFO] dicebot: [GET] /api/tavern/chat/messages → 200 (0.0ms) IP=::1 UA=?
[2026-08-16 03:01:35] [INFO] dicebot: [GET] /api/tavern/chat/messages → 200 (0.1ms) IP=::1 UA=?
[2026-08-16 03:01:35] [INFO] dicebot: [GET] /api/tavern/chat/messages → 200 (0.0ms) IP=::1 UA=?
[2026-08-16 03:01:35] [INFO] dicebot: [POST] /api/online/heartbeat → 200 (2.0ms) IP=::1 UA=?
[2026-08-16 03:01:37] [INFO] dicebot: [GET] /api/tavern/chat/messages → 200 (0.0ms) IP=::1 UA=?
[2026-08-16 03:01:37] [INFO] dicebot: [GET] /api/tavern/chat/messages → 200 (0.0ms) IP=::1 UA=?
[2026-08-16 03:01:39] [INFO] dicebot: [GET] /api/tavern/chat/messages → 200 (0.0ms) IP=::1 UA=?
[2026-08-16 03:01:39] [INFO] dicebot: [GET] /api/tavern/chat/messages → 200 (0.0ms) IP=::1 UA=?
[2026-08-16 03:01:41] [INFO] dicebot: [GET] /api/tavern/chat/messages → 200 (0.1ms) IP=::1 UA=?
[2026-08-16 03:01:41] [INFO] dicebot: [GET] /api/tavern/chat/messages → 200 (0.0ms) IP=::1 UA=?
[2026-08-16 03:01:43] [INFO] dicebot: [GET] /api/tavern/chat/messages → 200 (0.0ms) IP=::1 UA=?
[2026-08-16 03:01:43] [INFO] dicebot: [GET] /api/tavern/chat/messages → 200 (0.1ms) IP=::1 UA=?
[2026-08-16 03:01:45] [INFO] dicebot: [GET] /api/tavern/chat/messages → 200 (0.0ms) IP=::1 UA=?
[2026-08-16 03:01:45] [INFO] dicebot: [GET] /api/tavern/chat/messages → 200 (0.0ms) IP=::1 UA=?
[2026-08-16 03:01:47] [INFO] dicebot: [GET] /api/tavern/chat/messages → 200 (0.0ms) IP=::1 UA=?
[2026-08-16 03:01:47] [INFO] dicebot: [GET] /api/tavern/chat/messages → 200 (0.0ms) IP=::1 UA=?
[2026-08-16 03:01:49] [INFO] dicebot: [GET] /api/tavern/chat/messages → 200 (0.0ms) IP=::1 UA=?
[2026-08-16 03:01:49] [INFO] dicebot: [GET] /api/tavern/chat/messages → 200 (0.0ms) IP=::1 UA=?
[2026-08-16 03:01:51] [INFO] dicebot: [GET] /api/tavern/chat/messages → 200 (0.0ms) IP=::1 UA=?
[2026-08-16 03:01:51] [INFO] dicebot: [GET] /api/tavern/chat/messages → 200 (0.0ms) IP=::1 UA=?
[2026-08-16 03:01:53] [INFO] dicebot: [GET] /api/tavern/chat/messages → 200 (0.0ms) IP=::1 UA=?
[2026-08-16 03:01:53] [INFO] dicebot: [GET] /api/tavern/chat/messages → 200 (0.0ms) IP=::1 UA=?
[2026-08-16 03:01:54] [INFO] dicebot: [POST] /api/error-report → 200 (0.9ms) IP=::1 UA=?
[2026-08-16 03:01:54] [INFO] dicebot: [POST] /api/error-report → 200 (0.7ms) IP=::1 UA=?
[2026-08-16 03:01:55] [INFO] dicebot: [GET] /api/tavern/chat/messages → 200 (0.0ms) IP=::1 UA=?
[2026-08-16 03:01:55] [INFO] dicebot: [GET] /api/tavern/chat/messages → 200 (0.1ms) IP=::1 UA=?
[2026-08-16 03:01:55] [INFO] dicebot: [POST] /api/online/heartbeat → 200 (2.1ms) IP=::1 UA=?
[2026-08-16 03:01:57] [INFO] dicebot: [GET] /api/tavern/chat/messages → 200 (0.1ms) IP=::1 UA=?
[2026-08-16 03:01:57] [INFO] dicebot: [GET] /api/tavern/chat/messages → 200 (0.0ms) IP=::1 UA=?
[2026-08-16 03:01:59] [INFO] dicebot: [GET] /api/tavern/chat/messages → 200 (0.1ms) IP=::1 UA=?
[2026-08-16 03:01:59] [INFO] dicebot: [GET] /api/tavern/chat/messages → 200 (0.0ms) IP=::1 UA=?
[2026-08-16 03:02:01] [INFO] dicebot: [GET] /api/tavern/chat/messages → 200 (0.1ms) IP=::1 UA=?
[2026-08-16 03:02:01] [INFO] dicebot: [GET] /api/tavern/chat/messages → 200 (0.0ms) IP=::1 UA=?
[2026-08-16 03:02:03] [INFO] dicebot: [GET] /api/tavern/chat/messages → 200 (0.1ms) IP=::1 UA=?
[2026-08-16 03:02:03] [INFO] dicebot: [GET] /api/tavern/chat/messages → 200 (0.0ms) IP=::1 UA=?
[2026-08-16 03:02:05] [INFO] dicebot: [GET] /api/tavern/chat/messages → 200 (0.1ms) IP=::1 UA=?
[2026-08-16 03:02:05] [INFO] dicebot: [GET] /api/tavern/chat/messages → 200 (0.1ms) IP=::1 UA=?
[2026-08-16 03:02:07] [INFO] dicebot: [GET] /api/tavern/chat/messages → 200 (0.0ms) IP=::1 UA=?
[2026-08-16 03:02:07] [INFO] dicebot: [GET] /api/tavern/chat/messages → 200 (0.0ms) IP=::1 UA=?
[2026-08-16 03:02:09] [INFO] dicebot: [GET] /api/tavern/chat/messages → 200 (0.0ms) IP=::1 UA=?
[2026-08-16 03:02:09] [INFO] dicebot: [GET] /api/tavern/chat/messages → 200 (0.0ms) IP=::1 UA=?
[2026-08-16 03:02:11] [INFO] dicebot: [GET] /api/tavern/chat/messages → 200 (0.0ms) IP=::1 UA=?
[2026-08-16 03:02:11] [INFO] dicebot: [GET] /api/tavern/chat/messages → 200 (0.0ms) IP=::1 UA=?
[2026-08-16 03:02:13] [INFO] dicebot: [GET] /api/tavern/chat/messages → 200 (0.0ms) IP=::1 UA=?
[2026-08-16 03:02:13] [INFO] dicebot: [GET] /api/tavern/chat/messages → 200 (0.0ms) IP=::1 UA=?
[2026-08-16 03:02:15] [INFO] dicebot: [GET] /api/tavern/chat/messages → 200 (0.0ms) IP=::1 UA=?
[2026-08-16 03:02:15] [INFO] dicebot: [POST] /api/online/heartbeat → 200 (1.3ms) IP=::1 UA=?
[2026-08-16 03:02:15] [INFO] dicebot: [GET] /api/tavern/chat/messages → 200 (0.0ms) IP=::1 UA=?
[2026-08-16 03:02:17] [INFO] dicebot: [GET] /api/tavern/chat/messages → 200 (0.1ms) IP=::1 UA=?
[2026-08-16 03:02:17] [INFO] dicebot: [GET] /api/tavern/chat/messages → 200 (0.0ms) IP=::1 UA=?
[2026-08-16 03:02:19] [INFO] dicebot: [GET] /api/tavern/chat/messages → 200 (0.1ms) IP=::1 UA=?
[2026-08-16 03:02:19] [INFO] dicebot: [GET] /api/tavern/chat/messages → 200 (0.0ms) IP=::1 UA=?
[2026-08-16 03:02:21] [INFO] dicebot: [GET] /api/tavern/chat/messages → 200 (0.0ms) IP=::1 UA=?
[2026-08-16 03:02:21] [INFO] dicebot: [GET] /api/tavern/chat/messages → 200 (0.0ms) IP=::1 UA=?
[2026-08-16 03:02:23] [INFO] dicebot: [GET] /api/tavern/chat/messages → 200 (0.0ms) IP=::1 UA=?
[2026-08-16 03:02:23] [INFO] dicebot: [GET] /api/tavern/chat/messages → 200 (0.0ms) IP=::1 UA=?
[2026-08-16 03:02:24] [INFO] dicebot: [POST] /api/error-report → 200 (1.0ms) IP=::1 UA=?
[2026-08-16 03:02:24] [INFO] dicebot: [POST] /api/error-report → 200 (0.6ms) IP=::1 UA=?
[2026-08-16 03:02:25] [INFO] dicebot: [GET] /api/tavern/chat/messages → 200 (0.1ms) IP=::1 UA=?
[2026-08-16 03:02:25] [INFO] dicebot: [GET] /api/tavern/chat/messages → 200 (0.0ms) IP=::1 UA=?
[2026-08-16 03:02:27] [INFO] dicebot: [GET] /api/tavern/chat/messages → 200 (0.0ms) IP=::1 UA=?
[2026-08-16 03:02:27] [INFO] dicebot: [GET] /api/tavern/chat/messages → 200 (0.0ms) IP=::1 UA=?
[2026-08-16 03:02:29] [INFO] dicebot: [GET] /api/tavern/chat/messages → 200 (0.1ms) IP=::1 UA=?
[2026-08-16 03:02:29] [INFO] dicebot: [GET] /api/tavern/chat/messages → 200 (0.0ms) IP=::1 UA=?
[2026-08-16 03:02:31] [INFO] dicebot: [GET] /api/tavern/chat/messages → 200 (0.0ms) IP=::1 UA=?
[2026-08-16 03:02:31] [INFO] dicebot: [GET] /api/tavern/chat/messages → 200 (0.0ms) IP=::1 UA=?
[2026-08-16 03:02:33] [INFO] dicebot: [GET] /api/tavern/chat/messages → 200 (0.1ms) IP=::1 UA=?
[2026-08-16 03:02:33] [INFO] dicebot: [GET] /api/tavern/chat/messages → 200 (0.4ms) IP=::1 UA=?
[2026-08-16 03:02:35] [INFO] dicebot: [GET] /api/tavern/chat/messages → 200 (0.2ms) IP=::1 UA=?
[2026-08-16 03:02:35] [INFO] dicebot: [GET] /api/tavern/chat/messages → 200 (0.1ms) IP=::1 UA=?
[2026-08-16 03:02:35] [INFO] dicebot: [POST] /api/online/heartbeat → 200 (2.0ms) IP=::1 UA=?
[2026-08-16 03:02:37] [INFO] dicebot: [GET] /api/tavern/chat/messages → 200 (0.0ms) IP=::1 UA=?
[2026-08-16 03:02:37] [INFO] dicebot: [GET] /api/tavern/chat/messages → 200 (0.0ms) IP=::1 UA=?
[2026-08-16 03:02:39] [INFO] dicebot: [GET] /api/tavern/chat/messages → 200 (0.1ms) IP=::1 UA=?
[2026-08-16 03:02:39] [INFO] dicebot: [GET] /api/tavern/chat/messages → 200 (0.0ms) IP=::1 UA=?
[2026-08-16 03:02:41] [INFO] dicebot: [GET] /api/tavern/chat/messages → 200 (0.0ms) IP=::1 UA=?
[2026-08-16 03:02:41] [INFO] dicebot: [GET] /api/tavern/chat/messages → 200 (0.0ms) IP=::1 UA=?
[2026-08-16 03:02:43] [INFO] dicebot: [GET] /api/tavern/chat/messages → 200 (0.1ms) IP=::1 UA=?
[2026-08-16 03:02:43] [INFO] dicebot: [GET] /api/tavern/chat/messages → 200 (0.0ms) IP=::1 UA=?
[2026-08-16 03:02:45] [INFO] dicebot: [GET] /api/tavern/chat/messages → 200 (0.0ms) IP=::1 UA=?
[2026-08-16 03:02:45] [INFO] dicebot: [GET] /api/tavern/chat/messages → 200 (0.1ms) IP=::1 UA=?
[2026-08-16 03:02:47] [INFO] dicebot: [GET] /api/tavern/chat/messages → 200 (0.0ms) IP=::1 UA=?
[2026-08-16 03:02:47] [INFO] dicebot: [GET] /api/tavern/chat/messages → 200 (0.0ms) IP=::1 UA=?
[2026-08-16 03:02:49] [INFO] dicebot: [GET] /api/tavern/chat/messages → 200 (0.1ms) IP=::1 UA=?
[2026-08-16 03:02:49] [INFO] dicebot: [GET] /api/tavern/chat/messages → 200 (0.0ms) IP=::1 UA=?
[2026-08-16 03:02:51] [INFO] dicebot: [GET] /api/tavern/chat/messages → 200 (0.1ms) IP=::1 UA=?
[2026-08-16 03:02:51] [INFO] dicebot: [GET] /api/tavern/chat/messages → 200 (0.0ms) IP=::1 UA=?
[2026-08-16 03:02:53] [INFO] dicebot: [GET] /api/tavern/chat/messages → 200 (0.1ms) IP=::1 UA=?
[2026-08-16 03:02:53] [INFO] dicebot: [GET] /api/tavern/chat/messages → 200 (0.0ms) IP=::1 UA=?
[2026-08-16 03:02:54] [INFO] dicebot: [POST] /api/error-report → 200 (1.0ms) IP=::1 UA=?
[2026-08-16 03:02:54] [INFO] dicebot: [POST] /api/error-report → 200 (0.8ms) IP=::1 UA=?
[2026-08-16 03:02:55] [INFO] dicebot: [GET] /api/tavern/chat/messages → 200 (0.1ms) IP=::1 UA=?
[2026-08-16 03:02:55] [INFO] dicebot: [GET] /api/tavern/chat/messages → 200 (0.3ms) IP=::1 UA=?
[2026-08-16 03:02:55] [INFO] dicebot: [POST] /api/online/heartbeat → 200 (2.3ms) IP=::1 UA=?
[2026-08-16 03:02:57] [INFO] dicebot: [GET] /api/tavern/chat/messages → 200 (0.0ms) IP=::1 UA=?
[2026-08-16 03:02:57] [INFO] dicebot: [GET] /api/tavern/chat/messages → 200 (0.1ms) IP=::1 UA=?
[2026-08-16 03:02:59] [INFO] dicebot: [GET] /api/tavern/chat/messages → 200 (0.4ms) IP=::1 UA=?
[2026-08-16 03:02:59] [INFO] dicebot: [GET] /api/tavern/chat/messages → 200 (0.1ms) IP=::1 UA=?
[2026-08-16 03:03:01] [INFO] dicebot: [GET] /api/tavern/chat/messages → 200 (0.0ms) IP=::1 UA=?
[2026-08-16 03:03:01] [INFO] dicebot: [GET] /api/tavern/chat/messages → 200 (0.0ms) IP=::1 UA=?
[2026-08-16 03:03:03] [INFO] dicebot: [GET] /api/tavern/chat/messages → 200 (0.1ms) IP=::1 UA=?
[2026-08-16 03:03:03] [INFO] dicebot: [GET] /api/tavern/chat/messages → 200 (0.0ms) IP=::1 UA=?
[2026-08-16 03:03:05] [INFO] dicebot: [GET] /api/tavern/chat/messages → 200 (0.1ms) IP=::1 UA=?
[2026-08-16 03:03:05] [INFO] dicebot: [GET] /api/tavern/chat/messages → 200 (0.0ms) IP=::1 UA=?
[2026-08-16 03:03:07] [INFO] dicebot: [GET] /api/tavern/chat/messages → 200 (0.1ms) IP=::1 UA=?
[2026-08-16 03:03:07] [INFO] dicebot: [GET] /api/tavern/chat/messages → 200 (0.1ms) IP=::1 UA=?
[2026-08-16 03:03:09] [INFO] dicebot: [GET] /api/tavern/chat/messages → 200 (0.0ms) IP=::1 UA=?
[2026-08-16 03:03:09] [INFO] dicebot: [GET] /api/tavern/chat/messages → 200 (0.0ms) IP=::1 UA=?
[2026-08-16 03:03:11] [INFO] dicebot: [GET] /api/tavern/chat/messages → 200 (0.1ms) IP=::1 UA=?
[2026-08-16 03:03:11] [INFO] dicebot: [GET] /api/tavern/chat/messages → 200 (0.1ms) IP=::1 UA=?
[2026-08-16 03:03:13] [INFO] dicebot: [GET] /api/tavern/chat/messages → 200 (0.1ms) IP=::1 UA=?
[2026-08-16 03:03:13] [INFO] dicebot: [GET] /api/tavern/chat/messages → 200 (0.1ms) IP=::1 UA=?
[2026-08-16 03:03:15] [INFO] dicebot: [GET] /api/tavern/chat/messages → 200 (0.1ms) IP=::1 UA=?
[2026-08-16 03:03:15] [INFO] dicebot: [POST] /api/online/heartbeat → 200 (1.7ms) IP=::1 UA=?
[2026-08-16 03:03:15] [INFO] dicebot: [GET] /api/tavern/chat/messages → 200 (0.0ms) IP=::1 UA=?
[2026-08-16 03:03:17] [INFO] dicebot: [GET] /api/tavern/chat/messages → 200 (0.0ms) IP=::1 UA=?
[2026-08-16 03:03:17] [INFO] dicebot: [GET] /api/tavern/chat/messages → 200 (0.0ms) IP=::1 UA=?
[2026-08-16 03:03:19] [INFO] dicebot: [GET] /api/tavern/chat/messages → 200 (0.0ms) IP=::1 UA=?
[2026-08-16 03:03:19] [INFO] dicebot: [GET] /api/tavern/chat/messages → 200 (0.0ms) IP=::1 UA=?
[2026-08-16 03:03:21] [INFO] dicebot: [GET] /api/tavern/chat/messages → 200 (0.0ms) IP=::1 UA=?
[2026-08-16 03:03:21] [INFO] dicebot: [GET] /api/tavern/chat/messages → 200 (0.0ms) IP=::1 UA=?
[2026-08-16 03:03:23] [INFO] dicebot: [GET] /api/tavern/chat/messages → 200 (0.0ms) IP=::1 UA=?
[2026-08-16 03:03:23] [INFO] dicebot: [GET] /api/tavern/chat/messages → 200 (0.0ms) IP=::1 UA=?
[2026-08-16 03:03:25] [INFO] dicebot: [POST] /api/error-report → 200 (0.7ms) IP=::1 UA=?
[2026-08-16 03:03:25] [INFO] dicebot: [POST] /api/error-report → 200 (0.5ms) IP=::1 UA=?
[2026-08-16 03:03:25] [INFO] dicebot: [GET] /api/tavern/chat/messages → 200 (0.0ms) IP=::1 UA=?
[2026-08-16 03:03:25] [INFO] dicebot: [GET] /api/tavern/chat/messages → 200 (0.0ms) IP=::1 UA=?
[2026-08-16 03:03:27] [INFO] dicebot: [GET] /api/tavern/chat/messages → 200 (0.0ms) IP=::1 UA=?
[2026-08-16 03:03:27] [INFO] dicebot: [GET] /api/tavern/chat/messages → 200 (0.1ms) IP=::1 UA=?
[2026-08-16 03:03:29] [INFO] dicebot: [GET] /api/tavern/chat/messages → 200 (0.1ms) IP=::1 UA=?
[2026-08-16 03:03:29] [INFO] dicebot: [GET] /api/tavern/chat/messages → 200 (0.0ms) IP=::1 UA=?
[2026-08-16 03:03:31] [INFO] dicebot: [GET] /api/tavern/chat/messages → 200 (0.0ms) IP=::1 UA=?
[2026-08-16 03:03:31] [INFO] dicebot: [GET] /api/tavern/chat/messages → 200 (0.0ms) IP=::1 UA=?
[2026-08-16 03:03:33] [INFO] dicebot: [GET] /api/tavern/chat/messages → 200 (0.0ms) IP=::1 UA=?
[2026-08-16 03:03:33] [INFO] dicebot: [GET] /api/tavern/chat/messages → 200 (0.0ms) IP=::1 UA=?
[2026-08-16 03:03:35] [INFO] dicebot: [POST] /api/online/heartbeat → 200 (2.7ms) IP=::1 UA=?
[2026-08-16 03:03:35] [INFO] dicebot: [GET] /api/tavern/chat/messages → 200 (0.0ms) IP=::1 UA=?
[2026-08-16 03:03:35] [INFO] dicebot: [GET] /api/tavern/chat/messages → 200 (0.0ms) IP=::1 UA=?
[2026-08-16 03:03:37] [INFO] dicebot: [GET] /api/tavern/chat/messages → 200 (0.0ms) IP=::1 UA=?
[2026-08-16 03:03:37] [INFO] dicebot: [GET] /api/tavern/chat/messages → 200 (0.0ms) IP=::1 UA=?
[2026-08-16 03:03:39] [INFO] dicebot: [GET] /api/tavern/chat/messages → 200 (0.0ms) IP=::1 UA=?
[2026-08-16 03:03:39] [INFO] dicebot: [GET] /api/tavern/chat/messages → 200 (0.1ms) IP=::1 UA=?
[2026-08-16 03:03:41] [INFO] dicebot: [GET] /api/tavern/chat/messages → 200 (0.0ms) IP=::1 UA=?
[2026-08-16 03:03:41] [INFO] dicebot: [GET] /api/tavern/chat/messages → 200 (0.0ms) IP=::1 UA=?
[2026-08-16 03:03:43] [INFO] dicebot: [GET] /api/tavern/chat/messages → 200 (0.1ms) IP=::1 UA=?
[2026-08-16 03:03:43] [INFO] dicebot: [GET] /api/tavern/chat/messages → 200 (0.1ms) IP=::1 UA=?
[2026-08-16 03:03:45] [INFO] dicebot: [GET] /api/tavern/chat/messages → 200 (0.1ms) IP=::1 UA=?
[2026-08-16 03:03:45] [INFO] dicebot: [GET] /api/tavern/chat/messages → 200 (0.0ms) IP=::1 UA=?
[2026-08-16 03:03:47] [INFO] dicebot: [GET] /api/tavern/chat/messages → 200 (0.0ms) IP=::1 UA=?
[2026-08-16 03:03:47] [INFO] dicebot: [GET] /api/tavern/chat/messages → 200 (0.0ms) IP=::1 UA=?
[2026-08-16 03:03:49] [INFO] dicebot: [GET] /api/tavern/chat/messages → 200 (0.0ms) IP=::1 UA=?
[2026-08-16 03:03:49] [INFO] dicebot: [GET] /api/tavern/chat/messages → 200 (0.1ms) IP=::1 UA=?
[2026-08-16 03:03:51] [INFO] dicebot: [GET] /api/tavern/chat/messages → 200 (0.1ms) IP=::1 UA=?
[2026-08-16 03:03:51] [INFO] dicebot: [GET] /api/tavern/chat/messages → 200 (0.0ms) IP=::1 UA=?
[2026-08-16 03:03:53] [INFO] dicebot: [GET] /api/tavern/chat/messages → 200 (0.0ms) IP=::1 UA=?
[2026-08-16 03:03:53] [INFO] dicebot: [GET] /api/tavern/chat/messages → 200 (0.0ms) IP=::1 UA=?
[2026-08-16 03:03:55] [INFO] dicebot: [GET] /api/tavern/chat/messages → 200 (0.0ms) IP=::1 UA=?
[2026-08-16 03:03:55] [INFO] dicebot: [POST] /api/online/heartbeat → 200 (1.7ms) IP=::1 UA=?
[2026-08-16 03:03:55] [INFO] dicebot: [POST] /api/error-report → 200 (1.4ms) IP=::1 UA=?
[2026-08-16 03:03:55] [INFO] dicebot: [GET] /api/tavern/chat/messages → 200 (0.0ms) IP=::1 UA=?
[2026-08-16 03:03:55] [INFO] dicebot: [POST] /api/error-report → 200 (1.0ms) IP=::1 UA=?
[2026-08-16 03:03:57] [INFO] dicebot: [GET] /api/tavern/chat/messages → 200 (0.0ms) IP=::1 UA=?
[2026-08-16 03:03:57] [INFO] dicebot: [GET] /api/tavern/chat/messages → 200 (0.0ms) IP=::1 UA=?
[2026-08-16 03:03:59] [INFO] dicebot: [GET] /api/tavern/chat/messages → 200 (0.1ms) IP=::1 UA=?
[2026-08-16 03:03:59] [INFO] dicebot: [GET] /api/tavern/chat/messages → 200 (0.0ms) IP=::1 UA=?
[2026-08-16 03:04:01] [INFO] dicebot: [GET] /api/tavern/chat/messages → 200 (0.0ms) IP=::1 UA=?
[2026-08-16 03:04:01] [INFO] dicebot: [GET] /api/tavern/chat/messages → 200 (0.1ms) IP=::1 UA=?
[2026-08-16 03:04:03] [INFO] dicebot: [GET] /api/tavern/chat/messages → 200 (0.0ms) IP=::1 UA=?
[2026-08-16 03:04:03] [INFO] dicebot: [GET] /api/tavern/chat/messages → 200 (0.0ms) IP=::1 UA=?
[2026-08-16 03:04:05] [INFO] dicebot: [GET] /api/tavern/chat/messages → 200 (0.0ms) IP=::1 UA=?
[2026-08-16 03:04:05] [INFO] dicebot: [GET] /api/tavern/chat/messages → 200 (0.0ms) IP=::1 UA=?
[2026-08-16 03:04:07] [INFO] dicebot: [GET] /api/tavern/chat/messages → 200 (0.0ms) IP=::1 UA=?
[2026-08-16 03:04:07] [INFO] dicebot: [GET] /api/tavern/chat/messages → 200 (0.0ms) IP=::1 UA=?
[2026-08-16 03:04:09] [INFO] dicebot: [GET] /api/tavern/chat/messages → 200 (0.0ms) IP=::1 UA=?
[2026-08-16 03:04:09] [INFO] dicebot: [GET] /api/tavern/chat/messages → 200 (0.0ms) IP=::1 UA=?
[2026-08-16 03:04:11] [INFO] dicebot: [GET] /api/tavern/chat/messages → 200 (0.1ms) IP=::1 UA=?
[2026-08-16 03:04:11] [INFO] dicebot: [GET] /api/tavern/chat/messages → 200 (0.1ms) IP=::1 UA=?
[2026-08-16 03:04:13] [INFO] dicebot: [GET] /api/tavern/chat/messages → 200 (0.0ms) IP=::1 UA=?
[2026-08-16 03:04:13] [INFO] dicebot: [GET] /api/tavern/chat/messages → 200 (0.0ms) IP=::1 UA=?
[2026-08-16 03:04:15] [INFO] dicebot: [GET] /api/tavern/chat/messages → 200 (0.0ms) IP=::1 UA=?
[2026-08-16 03:04:15] [INFO] dicebot: [POST] /api/online/heartbeat → 200 (1.2ms) IP=::1 UA=?
[2026-08-16 03:04:15] [INFO] dicebot: [GET] /api/tavern/chat/messages → 200 (0.0ms) IP=::1 UA=?
[2026-08-16 03:04:17] [INFO] dicebot: [GET] /api/tavern/chat/messages → 200 (0.0ms) IP=::1 UA=?
[2026-08-16 03:04:17] [INFO] dicebot: [GET] /api/tavern/chat/messages → 200 (0.0ms) IP=::1 UA=?
[2026-08-16 03:04:29] [INFO] dicebot: [GET] /api/auth/me → 401 (0.1ms) IP=::1 UA=?
[2026-08-16 03:04:29] [INFO] dicebot: [POST] /api/online/heartbeat → 200 (0.1ms) IP=::1 UA=?
[2026-08-16 03:04:31] [INFO] dicebot: [GET] /api/tavern/chat/messages → 200 (0.0ms) IP=::1 UA=?
[2026-08-16 03:04:31] [INFO] dicebot: [GET] /api/tavern/chat/messages → 200 (0.0ms) IP=::1 UA=?
[2026-08-16 03:04:33] [INFO] dicebot: [GET] /api/tavern/chat/messages → 200 (0.0ms) IP=::1 UA=?
[2026-08-16 03:04:33] [INFO] dicebot: [GET] /api/tavern/chat/messages → 200 (0.0ms) IP=::1 UA=?
[2026-08-16 03:05:07] [INFO] dicebot: [GET] /api/tavern/chat/messages → 200 (0.0ms) IP=::1 UA=?
[2026-08-16 03:05:07] [INFO] dicebot: [GET] /api/tavern/chat/messages → 200 (0.1ms) IP=::1 UA=?
[2026-08-16 03:05:07] [INFO] dicebot: [POST] /api/online/heartbeat → 200 (2.5ms) IP=::1 UA=?
[2026-08-16 03:05:07] [INFO] dicebot: [POST] /api/error-report → 200 (2.0ms) IP=::1 UA=?
[2026-08-16 03:05:07] [INFO] dicebot: [POST] /api/error-report → 200 (1.7ms) IP=::1 UA=?
[2026-08-16 03:05:09] [INFO] dicebot: [GET] /api/tavern/chat/messages → 200 (0.0ms) IP=::1 UA=?
[2026-08-16 03:05:09] [INFO] dicebot: [GET] /api/tavern/chat/messages → 200 (0.1ms) IP=::1 UA=?
[2026-08-16 03:05:11] [INFO] dicebot: [GET] /api/tavern/chat/messages → 200 (0.1ms) IP=::1 UA=?
[2026-08-16 03:05:11] [INFO] dicebot: [GET] /api/tavern/chat/messages → 200 (0.1ms) IP=::1 UA=?
[2026-08-16 03:05:13] [INFO] dicebot: [GET] /api/tavern/chat/messages → 200 (0.0ms) IP=::1 UA=?
[2026-08-16 03:05:13] [INFO] dicebot: [GET] /api/tavern/chat/messages → 200 (0.0ms) IP=::1 UA=?
[2026-08-16 03:05:15] [INFO] dicebot: [GET] /api/tavern/chat/messages → 200 (0.0ms) IP=::1 UA=?
[2026-08-16 03:05:15] [INFO] dicebot: [POST] /api/online/heartbeat → 200 (1.6ms) IP=::1 UA=?
[2026-08-16 03:05:15] [INFO] dicebot: [GET] /api/tavern/chat/messages → 200 (0.0ms) IP=::1 UA=?
[2026-08-16 03:05:17] [INFO] dicebot: [GET] /api/tavern/chat/messages → 200 (0.0ms) IP=::1 UA=?
[2026-08-16 03:05:17] [INFO] dicebot: [GET] /api/tavern/chat/messages → 200 (0.1ms) IP=::1 UA=?
[2026-08-16 03:05:19] [INFO] dicebot: [GET] /api/tavern/chat/messages → 200 (0.1ms) IP=::1 UA=?
[2026-08-16 03:05:19] [INFO] dicebot: [GET] /api/tavern/chat/messages → 200 (0.1ms) IP=::1 UA=?
[2026-08-16 03:05:21] [INFO] dicebot: [GET] /api/tavern/chat/messages → 200 (0.0ms) IP=::1 UA=?
[2026-08-16 03:05:21] [INFO] dicebot: [GET] /api/tavern/chat/messages → 200 (0.0ms) IP=::1 UA=?
[2026-08-16 03:05:23] [INFO] dicebot: [GET] /api/tavern/chat/messages → 200 (0.0ms) IP=::1 UA=?
[2026-08-16 03:05:23] [INFO] dicebot: [GET] /api/tavern/chat/messages → 200 (0.1ms) IP=::1 UA=?
[2026-08-16 03:05:24] [INFO] dicebot: [POST] /api/error-report → 200 (0.8ms) IP=::1 UA=?
[2026-08-16 03:05:24] [INFO] dicebot: [POST] /api/error-report → 200 (0.7ms) IP=::1 UA=?
[2026-08-16 03:05:25] [INFO] dicebot: [GET] /api/tavern/chat/messages → 200 (0.0ms) IP=::1 UA=?
[2026-08-16 03:05:25] [INFO] dicebot: [GET] /api/tavern/chat/messages → 200 (0.0ms) IP=::1 UA=?
[2026-08-16 03:05:27] [INFO] dicebot: [GET] /api/tavern/chat/messages → 200 (0.0ms) IP=::1 UA=?
[2026-08-16 03:05:27] [INFO] dicebot: [GET] /api/tavern/chat/messages → 200 (0.0ms) IP=::1 UA=?
[2026-08-16 03:05:29] [INFO] dicebot: [GET] /api/tavern/chat/messages → 200 (0.0ms) IP=::1 UA=?
[2026-08-16 03:05:29] [INFO] dicebot: [GET] /api/tavern/chat/messages → 200 (0.0ms) IP=::1 UA=?
[2026-08-16 03:05:31] [INFO] dicebot: [GET] /api/tavern/chat/messages → 200 (0.0ms) IP=::1 UA=?
[2026-08-16 03:05:31] [INFO] dicebot: [GET] /api/tavern/chat/messages → 200 (0.1ms) IP=::1 UA=?
[2026-08-16 03:05:33] [INFO] dicebot: [GET] /api/tavern/chat/messages → 200 (0.0ms) IP=::1 UA=?
[2026-08-16 03:05:33] [INFO] dicebot: [GET] /api/tavern/chat/messages → 200 (0.0ms) IP=::1 UA=?
[2026-08-16 03:05:35] [INFO] dicebot: [GET] /api/tavern/chat/messages → 200 (0.0ms) IP=::1 UA=?
[2026-08-16 03:05:35] [INFO] dicebot: [POST] /api/online/heartbeat → 200 (1.7ms) IP=::1 UA=?
[2026-08-16 03:05:35] [INFO] dicebot: [GET] /api/tavern/chat/messages → 200 (0.0ms) IP=::1 UA=?
[2026-08-16 03:05:37] [INFO] dicebot: [GET] /api/tavern/chat/messages → 200 (0.1ms) IP=::1 UA=?
[2026-08-16 03:05:37] [INFO] dicebot: [GET] /api/tavern/chat/messages → 200 (0.0ms) IP=::1 UA=?
[2026-08-16 03:05:39] [INFO] dicebot: [GET] /api/tavern/chat/messages → 200 (0.0ms) IP=::1 UA=?
[2026-08-16 03:05:39] [INFO] dicebot: [GET] /api/tavern/chat/messages → 200 (0.0ms) IP=::1 UA=?
[2026-08-16 03:05:41] [INFO] dicebot: [GET] /api/tavern/chat/messages → 200 (0.0ms) IP=::1 UA=?
[2026-08-16 03:05:41] [INFO] dicebot: [GET] /api/tavern/chat/messages → 200 (0.0ms) IP=::1 UA=?
[2026-08-16 03:05:43] [INFO] dicebot: [GET] /api/tavern/chat/messages → 200 (0.0ms) IP=::1 UA=?
[2026-08-16 03:05:43] [INFO] dicebot: [GET] /api/tavern/chat/messages → 200 (0.0ms) IP=::1 UA=?
[2026-08-16 03:05:45] [INFO] dicebot: [GET] /api/tavern/chat/messages → 200 (0.0ms) IP=::1 UA=?
[2026-08-16 03:05:45] [INFO] dicebot: [GET] /api/tavern/chat/messages → 200 (0.0ms) IP=::1 UA=?
[2026-08-16 03:05:47] [INFO] dicebot: [GET] /api/tavern/chat/messages → 200 (0.0ms) IP=::1 UA=?
[2026-08-16 03:05:47] [INFO] dicebot: [GET] /api/tavern/chat/messages → 200 (0.0ms) IP=::1 UA=?
[2026-08-16 03:05:49] [INFO] dicebot: [GET] /api/tavern/chat/messages → 200 (0.1ms) IP=::1 UA=?
[2026-08-16 03:05:49] [INFO] dicebot: [GET] /api/tavern/chat/messages → 200 (0.1ms) IP=::1 UA=?
[2026-08-16 03:05:51] [INFO] dicebot: [GET] /api/tavern/chat/messages → 200 (0.0ms) IP=::1 UA=?
[2026-08-16 03:05:51] [INFO] dicebot: [GET] /api/tavern/chat/messages → 200 (0.1ms) IP=::1 UA=?
[2026-08-16 03:05:53] [INFO] dicebot: [GET] /api/tavern/chat/messages → 200 (0.0ms) IP=::1 UA=?
[2026-08-16 03:05:53] [INFO] dicebot: [GET] /api/tavern/chat/messages → 200 (0.0ms) IP=::1 UA=?
[2026-08-16 03:05:54] [INFO] dicebot: [GET] /api/auth/me → 401 (0.1ms) IP=::1 UA=?
[2026-08-16 03:05:54] [INFO] dicebot: [POST] /api/online/heartbeat → 200 (0.1ms) IP=::1 UA=?
[2026-08-16 03:05:54] [INFO] dicebot: [POST] /api/error-report → 200 (0.9ms) IP=::1 UA=?
[2026-08-16 03:05:54] [INFO] dicebot: [POST] /api/error-report → 200 (0.6ms) IP=::1 UA=?
[2026-08-16 03:05:55] [INFO] dicebot: [GET] /api/tavern/chat/messages → 200 (0.2ms) IP=::1 UA=?
[2026-08-16 03:05:55] [INFO] dicebot: [POST] /api/online/heartbeat → 200 (3.3ms) IP=::1 UA=?
[2026-08-16 03:05:55] [INFO] dicebot: [GET] /api/tavern/chat/messages → 200 (0.1ms) IP=::1 UA=?
[2026-08-16 03:05:56] [INFO] dicebot: [GET] /api/tavern/chat/messages → 200 (0.1ms) IP=::1 UA=?
[2026-08-16 03:05:56] [INFO] dicebot: [GET] /api/tavern/chat/messages → 200 (0.0ms) IP=::1 UA=?
[2026-08-16 03:05:57] [INFO] dicebot: [GET] /api/tavern/chat/messages → 200 (0.1ms) IP=::1 UA=?
[2026-08-16 03:05:57] [INFO] dicebot: [GET] /api/tavern/chat/messages → 200 (0.0ms) IP=::1 UA=?
[2026-08-16 03:05:57] [INFO] dicebot: [POST] /api/auth/login → 401 (3.3ms) IP=::1 UA=?
[2026-08-16 03:05:57] [INFO] dicebot: [POST] /api/online/leave → 200 (0.6ms) IP=::1 UA=?
[2026-08-16 03:05:57] [INFO] dicebot: [POST] /api/online/leave → 200 (0.1ms) IP=::1 UA=?
[2026-08-16 03:05:57] [INFO] dicebot: [GET] /api/auth/me → 401 (0.1ms) IP=::1 UA=?
[2026-08-16 03:05:57] [INFO] dicebot: [POST] /api/online/heartbeat → 200 (0.1ms) IP=::1 UA=?
[2026-08-16 03:05:59] [INFO] dicebot: [GET] /api/tavern/chat/messages → 200 (0.1ms) IP=::1 UA=?
[2026-08-16 03:05:59] [INFO] dicebot: [GET] /api/tavern/chat/messages → 200 (0.0ms) IP=::1 UA=?
[2026-08-16 03:05:59] [INFO] dicebot: [GET] /api/tavern/chat/messages → 200 (0.1ms) IP=::1 UA=?
[2026-08-16 03:05:59] [INFO] dicebot: [GET] /api/tavern/chat/messages → 200 (0.1ms) IP=::1 UA=?
[2026-08-16 03:06:01] [INFO] dicebot: [GET] /api/tavern/chat/messages → 200 (0.0ms) IP=::1 UA=?
[2026-08-16 03:06:01] [INFO] dicebot: [GET] /api/tavern/chat/messages → 200 (0.1ms) IP=::1 UA=?
[2026-08-16 03:06:01] [INFO] dicebot: [GET] /api/tavern/chat/messages → 200 (0.0ms) IP=::1 UA=?
[2026-08-16 03:06:01] [INFO] dicebot: [GET] /api/tavern/chat/messages → 200 (0.0ms) IP=::1 UA=?
[2026-08-16 03:06:03] [INFO] dicebot: [GET] /api/tavern/chat/messages → 200 (0.1ms) IP=::1 UA=?
[2026-08-16 03:06:03] [INFO] dicebot: [GET] /api/tavern/chat/messages → 200 (0.0ms) IP=::1 UA=?
[2026-08-16 03:06:03] [INFO] dicebot: [GET] /api/auth/me → 401 (0.1ms) IP=::1 UA=?
[2026-08-16 03:06:03] [INFO] dicebot: [GET] /api/tavern/chat/messages → 200 (0.0ms) IP=::1 UA=?
[2026-08-16 03:06:03] [INFO] dicebot: [GET] /api/tavern/chat/messages → 200 (0.0ms) IP=::1 UA=?
[2026-08-16 03:06:04] [INFO] dicebot: [POST] /api/online/leave → 200 (0.1ms) IP=::1 UA=?
[2026-08-16 03:06:04] [INFO] dicebot: [POST] /api/online/leave → 200 (0.1ms) IP=::1 UA=?
[2026-08-16 03:06:04] [INFO] dicebot: [GET] /api/auth/me → 401 (0.1ms) IP=::1 UA=?
[2026-08-16 03:06:04] [INFO] dicebot: [POST] /api/online/heartbeat → 200 (0.1ms) IP=::1 UA=?
[2026-08-16 03:06:05] [INFO] dicebot: [GET] /api/tavern/chat/messages → 200 (0.1ms) IP=::1 UA=?
[2026-08-16 03:06:05] [INFO] dicebot: [GET] /api/tavern/chat/messages → 200 (0.0ms) IP=::1 UA=?
[2026-08-16 03:06:06] [INFO] dicebot: [GET] /api/tavern/chat/messages → 200 (0.0ms) IP=::1 UA=?
[2026-08-16 03:06:06] [INFO] dicebot: [GET] /api/tavern/chat/messages → 200 (0.0ms) IP=::1 UA=?
[2026-08-16 03:06:07] [INFO] dicebot: [GET] /api/tavern/chat/messages → 200 (0.0ms) IP=::1 UA=?
[2026-08-16 03:06:07] [INFO] dicebot: [GET] /api/tavern/chat/messages → 200 (0.0ms) IP=::1 UA=?
[2026-08-16 03:06:08] [INFO] dicebot: [GET] /api/tavern/chat/messages → 200 (0.0ms) IP=::1 UA=?
[2026-08-16 03:06:08] [INFO] dicebot: [GET] /api/tavern/chat/messages → 200 (0.0ms) IP=::1 UA=?
[2026-08-16 03:06:09] [INFO] dicebot: [GET] /api/tavern/chat/messages → 200 (0.0ms) IP=::1 UA=?
[2026-08-16 03:06:09] [INFO] dicebot: [GET] /api/tavern/chat/messages → 200 (0.0ms) IP=::1 UA=?
[2026-08-16 03:06:10] [INFO] dicebot: [GET] /api/auth/me → 401 (0.0ms) IP=::1 UA=?
[2026-08-16 03:06:10] [INFO] dicebot: [GET] /api/tavern/chat/messages → 200 (0.0ms) IP=::1 UA=?
[2026-08-16 03:06:10] [INFO] dicebot: [GET] /api/tavern/chat/messages → 200 (0.1ms) IP=::1 UA=?
[2026-08-16 03:06:11] [INFO] dicebot: [GET] /api/tavern/chat/messages → 200 (0.1ms) IP=::1 UA=?
[2026-08-16 03:06:11] [INFO] dicebot: [GET] /api/tavern/chat/messages → 200 (0.0ms) IP=::1 UA=?
[2026-08-16 03:06:13] [INFO] dicebot: [GET] /api/tavern/chat/messages → 200 (0.0ms) IP=::1 UA=?
[2026-08-16 03:06:13] [INFO] dicebot: [GET] /api/tavern/chat/messages → 200 (0.1ms) IP=::1 UA=?
[2026-08-16 03:06:15] [INFO] dicebot: [GET] /api/tavern/chat/messages → 200 (0.1ms) IP=::1 UA=?
[2026-08-16 03:06:15] [INFO] dicebot: [POST] /api/online/heartbeat → 200 (1.5ms) IP=::1 UA=?
[2026-08-16 03:06:15] [INFO] dicebot: [GET] /api/tavern/chat/messages → 200 (0.1ms) IP=::1 UA=?
[2026-08-16 03:06:16] [INFO] dicebot: [POST] /api/auth/login → 401 (2.1ms) IP=::1 UA=?
[2026-08-16 03:06:16] [INFO] dicebot: [GET] /api/auth/me → 401 (0.0ms) IP=::1 UA=?
[2026-08-16 03:06:17] [INFO] dicebot: [GET] /api/tavern/chat/messages → 200 (0.1ms) IP=::1 UA=?
[2026-08-16 03:06:17] [INFO] dicebot: [GET] /api/tavern/chat/messages → 200 (0.0ms) IP=::1 UA=?
[2026-08-16 03:06:19] [INFO] dicebot: [GET] /api/tavern/chat/messages → 200 (0.1ms) IP=::1 UA=?
[2026-08-16 03:06:19] [INFO] dicebot: [GET] /api/tavern/chat/messages → 200 (0.1ms) IP=::1 UA=?
[2026-08-16 03:06:21] [INFO] dicebot: [GET] /api/tavern/chat/messages → 200 (0.1ms) IP=::1 UA=?
[2026-08-16 03:06:21] [INFO] dicebot: [GET] /api/tavern/chat/messages → 200 (0.0ms) IP=::1 UA=?
[2026-08-16 03:06:23] [INFO] dicebot: [GET] /api/tavern/chat/messages → 200 (0.1ms) IP=::1 UA=?
[2026-08-16 03:06:23] [INFO] dicebot: [GET] /api/tavern/chat/messages → 200 (0.0ms) IP=::1 UA=?
[2026-08-16 03:06:24] [INFO] dicebot: [POST] /api/error-report → 200 (0.7ms) IP=::1 UA=?
[2026-08-16 03:06:24] [INFO] dicebot: [POST] /api/error-report → 200 (0.9ms) IP=::1 UA=?
[2026-08-16 03:06:25] [INFO] dicebot: [GET] /api/tavern/chat/messages → 200 (0.0ms) IP=::1 UA=?
[2026-08-16 03:06:25] [INFO] dicebot: [GET] /api/tavern/chat/messages → 200 (0.0ms) IP=::1 UA=?
[2026-08-16 03:06:27] [INFO] dicebot: [GET] /api/tavern/chat/messages → 200 (0.1ms) IP=::1 UA=?
[2026-08-16 03:06:27] [INFO] dicebot: [GET] /api/tavern/chat/messages → 200 (0.0ms) IP=::1 UA=?
[2026-08-16 03:06:29] [INFO] dicebot: [GET] /api/tavern/chat/messages → 200 (0.1ms) IP=::1 UA=?
[2026-08-16 03:06:29] [INFO] dicebot: [GET] /api/tavern/chat/messages → 200 (0.0ms) IP=::1 UA=?
[2026-08-16 03:06:31] [INFO] dicebot: [GET] /api/tavern/chat/messages → 200 (0.0ms) IP=::1 UA=?
[2026-08-16 03:06:31] [INFO] dicebot: [GET] /api/tavern/chat/messages → 200 (0.0ms) IP=::1 UA=?
[2026-08-16 03:06:33] [INFO] dicebot: [GET] /api/tavern/chat/messages → 200 (0.1ms) IP=::1 UA=?
[2026-08-16 03:06:33] [INFO] dicebot: [GET] /api/tavern/chat/messages → 200 (0.1ms) IP=::1 UA=?
[2026-08-16 03:06:35] [INFO] dicebot: [GET] /api/tavern/chat/messages → 200 (0.0ms) IP=::1 UA=?
[2026-08-16 03:06:35] [INFO] dicebot: [POST] /api/online/heartbeat → 200 (1.9ms) IP=::1 UA=?
[2026-08-16 03:06:35] [INFO] dicebot: [GET] /api/tavern/chat/messages → 200 (0.0ms) IP=::1 UA=?
[2026-08-16 03:06:37] [INFO] dicebot: [GET] /api/tavern/chat/messages → 200 (0.0ms) IP=::1 UA=?
[2026-08-16 03:06:37] [INFO] dicebot: [GET] /api/tavern/chat/messages → 200 (0.0ms) IP=::1 UA=?
[2026-08-16 03:06:39] [INFO] dicebot: [GET] /api/tavern/chat/messages → 200 (0.0ms) IP=::1 UA=?
[2026-08-16 03:06:39] [INFO] dicebot: [GET] /api/tavern/chat/messages → 200 (0.0ms) IP=::1 UA=?
[2026-08-16 03:06:41] [INFO] dicebot: [GET] /api/tavern/chat/messages → 200 (0.0ms) IP=::1 UA=?
[2026-08-16 03:06:41] [INFO] dicebot: [GET] /api/tavern/chat/messages → 200 (0.1ms) IP=::1 UA=?
[2026-08-16 03:06:43] [INFO] dicebot: [GET] /api/tavern/chat/messages → 200 (0.1ms) IP=::1 UA=?
[2026-08-16 03:06:43] [INFO] dicebot: [GET] /api/tavern/chat/messages → 200 (0.0ms) IP=::1 UA=?
[2026-08-16 03:06:45] [INFO] dicebot: [GET] /api/tavern/chat/messages → 200 (0.0ms) IP=::1 UA=?
[2026-08-16 03:06:45] [INFO] dicebot: [GET] /api/tavern/chat/messages → 200 (0.0ms) IP=::1 UA=?
[2026-08-16 03:06:47] [INFO] dicebot: [GET] /api/tavern/chat/messages → 200 (0.0ms) IP=::1 UA=?
[2026-08-16 03:06:47] [INFO] dicebot: [GET] /api/tavern/chat/messages → 200 (0.1ms) IP=::1 UA=?
[2026-08-16 03:06:49] [INFO] dicebot: [GET] /api/tavern/chat/messages → 200 (0.0ms) IP=::1 UA=?
[2026-08-16 03:06:49] [INFO] dicebot: [GET] /api/tavern/chat/messages → 200 (0.0ms) IP=::1 UA=?
[2026-08-16 03:06:51] [INFO] dicebot: [GET] /api/tavern/chat/messages → 200 (0.0ms) IP=::1 UA=?
[2026-08-16 03:06:51] [INFO] dicebot: [GET] /api/tavern/chat/messages → 200 (0.0ms) IP=::1 UA=?
[2026-08-16 03:06:52] [INFO] dicebot: [GET] /api/auth/me → 401 (0.0ms) IP=::1 UA=?
[2026-08-16 03:06:52] [INFO] dicebot: [POST] /api/online/heartbeat → 200 (0.1ms) IP=::1 UA=?
[2026-08-16 03:06:53] [INFO] dicebot: [GET] /api/tavern/chat/messages → 200 (0.1ms) IP=::1 UA=?
[2026-08-16 03:06:53] [INFO] dicebot: [GET] /api/tavern/chat/messages → 200 (0.1ms) IP=::1 UA=?
[2026-08-16 03:06:54] [INFO] dicebot: [GET] /api/tavern/chat/messages → 200 (0.1ms) IP=::1 UA=?
[2026-08-16 03:06:54] [INFO] dicebot: [GET] /api/tavern/chat/messages → 200 (0.0ms) IP=::1 UA=?
[2026-08-16 03:06:54] [INFO] dicebot: [POST] /api/error-report → 200 (0.9ms) IP=::1 UA=?
[2026-08-16 03:06:54] [INFO] dicebot: [POST] /api/error-report → 200 (0.9ms) IP=::1 UA=?
[2026-08-16 03:06:55] [INFO] dicebot: [GET] /api/tavern/chat/messages → 200 (0.1ms) IP=::1 UA=?
[2026-08-16 03:06:55] [INFO] dicebot: [GET] /api/tavern/chat/messages → 200 (0.0ms) IP=::1 UA=?
[2026-08-16 03:06:55] [INFO] dicebot: [POST] /api/online/heartbeat → 200 (2.4ms) IP=::1 UA=?
[2026-08-16 03:06:55] [INFO] dicebot: [POST] /api/online/leave → 200 (0.1ms) IP=::1 UA=?
[2026-08-16 03:06:55] [INFO] dicebot: [POST] /api/online/leave → 200 (0.1ms) IP=::1 UA=?
[2026-08-16 03:06:55] [INFO] dicebot: [GET] /api/auth/me → 401 (0.0ms) IP=::1 UA=?
[2026-08-16 03:06:55] [INFO] dicebot: [POST] /api/online/heartbeat → 200 (0.1ms) IP=::1 UA=?
[2026-08-16 03:06:57] [INFO] dicebot: [GET] /api/tavern/chat/messages → 200 (0.0ms) IP=::1 UA=?
[2026-08-16 03:06:57] [INFO] dicebot: [GET] /api/tavern/chat/messages → 200 (0.0ms) IP=::1 UA=?
[2026-08-16 03:06:57] [INFO] dicebot: [GET] /api/tavern/chat/messages → 200 (0.1ms) IP=::1 UA=?
[2026-08-16 03:06:57] [INFO] dicebot: [GET] /api/tavern/chat/messages → 200 (0.0ms) IP=::1 UA=?
[2026-08-16 03:06:59] [INFO] dicebot: [GET] /api/tavern/chat/messages → 200 (0.0ms) IP=::1 UA=?
[2026-08-16 03:06:59] [INFO] dicebot: [GET] /api/tavern/chat/messages → 200 (0.0ms) IP=::1 UA=?
[2026-08-16 03:06:59] [INFO] dicebot: [GET] /api/tavern/chat/messages → 200 (0.0ms) IP=::1 UA=?
[2026-08-16 03:06:59] [INFO] dicebot: [GET] /api/tavern/chat/messages → 200 (0.0ms) IP=::1 UA=?
[2026-08-16 03:07:01] [INFO] dicebot: [GET] /api/tavern/chat/messages → 200 (0.1ms) IP=::1 UA=?
[2026-08-16 03:07:01] [INFO] dicebot: [GET] /api/tavern/chat/messages → 200 (0.1ms) IP=::1 UA=?
[2026-08-16 03:07:01] [INFO] dicebot: [GET] /api/auth/me → 401 (0.0ms) IP=::1 UA=?
[2026-08-16 03:07:01] [INFO] dicebot: [GET] /api/tavern/chat/messages → 200 (0.0ms) IP=::1 UA=?
[2026-08-16 03:07:01] [INFO] dicebot: [GET] /api/tavern/chat/messages → 200 (0.1ms) IP=::1 UA=?
[2026-08-16 03:07:02] [INFO] dicebot: [GET] /api/north/load → 401 (0.1ms) IP=::1 UA=?
[2026-08-16 03:07:03] [INFO] dicebot: [GET] /api/tavern/chat/messages → 200 (0.0ms) IP=::1 UA=?
[2026-08-16 03:07:03] [INFO] dicebot: [GET] /api/tavern/chat/messages → 200 (0.0ms) IP=::1 UA=?
[2026-08-16 03:07:05] [INFO] dicebot: [GET] /api/tavern/chat/messages → 200 (0.0ms) IP=::1 UA=?
[2026-08-16 03:07:05] [INFO] dicebot: [GET] /api/tavern/chat/messages → 200 (0.0ms) IP=::1 UA=?
[2026-08-16 03:07:07] [INFO] dicebot: [GET] /api/tavern/chat/messages → 200 (0.1ms) IP=::1 UA=?
[2026-08-16 03:07:07] [INFO] dicebot: [GET] /api/tavern/chat/messages → 200 (0.1ms) IP=::1 UA=?
[2026-08-16 03:07:09] [INFO] dicebot: [GET] /api/tavern/chat/messages → 200 (0.0ms) IP=::1 UA=?
[2026-08-16 03:07:09] [INFO] dicebot: [GET] /api/tavern/chat/messages → 200 (0.1ms) IP=::1 UA=?
[2026-08-16 03:07:11] [INFO] dicebot: [GET] /api/tavern/chat/messages → 200 (0.0ms) IP=::1 UA=?
[2026-08-16 03:07:11] [INFO] dicebot: [GET] /api/tavern/chat/messages → 200 (0.1ms) IP=::1 UA=?
[2026-08-16 03:07:13] [INFO] dicebot: [GET] /api/tavern/chat/messages → 200 (0.1ms) IP=::1 UA=?
[2026-08-16 03:07:13] [INFO] dicebot: [GET] /api/tavern/chat/messages → 200 (0.1ms) IP=::1 UA=?
[2026-08-16 03:07:15] [INFO] dicebot: [GET] /api/tavern/chat/messages → 200 (0.0ms) IP=::1 UA=?
[2026-08-16 03:07:15] [INFO] dicebot: [POST] /api/online/heartbeat → 200 (1.7ms) IP=::1 UA=?
[2026-08-16 03:07:15] [INFO] dicebot: [GET] /api/tavern/chat/messages → 200 (0.0ms) IP=::1 UA=?
[2026-08-16 03:07:17] [INFO] dicebot: [GET] /api/tavern/chat/messages → 200 (0.1ms) IP=::1 UA=?
[2026-08-16 03:07:17] [INFO] dicebot: [GET] /api/tavern/chat/messages → 200 (0.0ms) IP=::1 UA=?
[2026-08-16 03:07:19] [INFO] dicebot: [GET] /api/tavern/chat/messages → 200 (0.1ms) IP=::1 UA=?
[2026-08-16 03:07:19] [INFO] dicebot: [GET] /api/tavern/chat/messages → 200 (0.0ms) IP=::1 UA=?
[2026-08-16 03:07:21] [INFO] dicebot: [GET] /api/tavern/chat/messages → 200 (0.0ms) IP=::1 UA=?
[2026-08-16 03:07:21] [INFO] dicebot: [GET] /api/tavern/chat/messages → 200 (0.1ms) IP=::1 UA=?
[2026-08-16 03:07:23] [INFO] dicebot: [GET] /api/tavern/chat/messages → 200 (0.1ms) IP=::1 UA=?
[2026-08-16 03:07:23] [INFO] dicebot: [GET] /api/tavern/chat/messages → 200 (0.0ms) IP=::1 UA=?
[2026-08-16 03:07:24] [INFO] dicebot: [POST] /api/error-report → 200 (0.7ms) IP=::1 UA=?
[2026-08-16 03:07:24] [INFO] dicebot: [POST] /api/error-report → 200 (0.8ms) IP=::1 UA=?
[2026-08-16 03:07:25] [INFO] dicebot: [GET] /api/tavern/chat/messages → 200 (0.1ms) IP=::1 UA=?
[2026-08-16 03:07:25] [INFO] dicebot: [GET] /api/tavern/chat/messages → 200 (0.0ms) IP=::1 UA=?
[2026-08-16 03:07:26] [INFO] dicebot: [GET] /api/auth/me → 401 (0.1ms) IP=::1 UA=?
[2026-08-16 03:07:26] [INFO] dicebot: [POST] /api/online/heartbeat → 200 (0.2ms) IP=::1 UA=?
[2026-08-16 03:07:27] [INFO] dicebot: [GET] /api/tavern/chat/messages → 200 (0.1ms) IP=::1 UA=?
[2026-08-16 03:07:27] [INFO] dicebot: [GET] /api/tavern/chat/messages → 200 (0.1ms) IP=::1 UA=?
[2026-08-16 03:07:28] [INFO] dicebot: [GET] /api/tavern/chat/messages → 200 (0.0ms) IP=::1 UA=?
[2026-08-16 03:07:28] [INFO] dicebot: [GET] /api/tavern/chat/messages → 200 (0.1ms) IP=::1 UA=?
[2026-08-16 03:07:29] [INFO] dicebot: [GET] /api/tavern/chat/messages → 200 (0.0ms) IP=::1 UA=?
[2026-08-16 03:07:29] [INFO] dicebot: [GET] /api/tavern/chat/messages → 200 (0.0ms) IP=::1 UA=?
[2026-08-16 03:07:29] [INFO] dicebot: [POST] /api/online/leave → 200 (0.1ms) IP=::1 UA=?
[2026-08-16 03:07:29] [INFO] dicebot: [POST] /api/online/leave → 200 (0.1ms) IP=::1 UA=?
[2026-08-16 03:07:29] [INFO] dicebot: [GET] /api/auth/me → 401 (0.1ms) IP=::1 UA=?
[2026-08-16 03:07:29] [INFO] dicebot: [POST] /api/online/heartbeat → 200 (0.1ms) IP=::1 UA=?
[2026-08-16 03:07:31] [INFO] dicebot: [GET] /api/tavern/chat/messages → 200 (0.0ms) IP=::1 UA=?
[2026-08-16 03:07:31] [INFO] dicebot: [GET] /api/tavern/chat/messages → 200 (0.0ms) IP=::1 UA=?
[2026-08-16 03:07:31] [INFO] dicebot: [GET] /api/tavern/chat/messages → 200 (0.1ms) IP=::1 UA=?
[2026-08-16 03:07:31] [INFO] dicebot: [GET] /api/tavern/chat/messages → 200 (0.0ms) IP=::1 UA=?
[2026-08-16 03:07:33] [INFO] dicebot: [GET] /api/tavern/chat/messages → 200 (0.0ms) IP=::1 UA=?
[2026-08-16 03:07:33] [INFO] dicebot: [GET] /api/tavern/chat/messages → 200 (0.0ms) IP=::1 UA=?
[2026-08-16 03:07:33] [INFO] dicebot: [GET] /api/tavern/chat/messages → 200 (0.1ms) IP=::1 UA=?
[2026-08-16 03:07:33] [INFO] dicebot: [GET] /api/tavern/chat/messages → 200 (0.1ms) IP=::1 UA=?
[2026-08-16 03:07:35] [INFO] dicebot: [GET] /api/tavern/chat/messages → 200 (0.1ms) IP=::1 UA=?
[2026-08-16 03:07:35] [INFO] dicebot: [POST] /api/online/heartbeat → 200 (2.2ms) IP=::1 UA=?
[2026-08-16 03:07:35] [INFO] dicebot: [GET] /api/tavern/chat/messages → 200 (0.1ms) IP=::1 UA=?
[2026-08-16 03:07:35] [INFO] dicebot: [GET] /api/auth/me → 401 (0.1ms) IP=::1 UA=?
[2026-08-16 03:07:35] [INFO] dicebot: [GET] /api/tavern/chat/messages → 200 (0.1ms) IP=::1 UA=?
[2026-08-16 03:07:35] [INFO] dicebot: [GET] /api/tavern/chat/messages → 200 (0.1ms) IP=::1 UA=?
[2026-08-16 03:07:36] [INFO] dicebot: [GET] /api/north/load → 401 (0.0ms) IP=::1 UA=?
[2026-08-16 03:07:37] [INFO] dicebot: [GET] /api/tavern/chat/messages → 200 (0.0ms) IP=::1 UA=?
[2026-08-16 03:07:37] [INFO] dicebot: [GET] /api/tavern/chat/messages → 200 (0.0ms) IP=::1 UA=?
[2026-08-16 03:07:39] [INFO] dicebot: [GET] /api/tavern/chat/messages → 200 (0.0ms) IP=::1 UA=?
[2026-08-16 03:07:39] [INFO] dicebot: [GET] /api/tavern/chat/messages → 200 (0.1ms) IP=::1 UA=?
[2026-08-16 03:07:41] [INFO] dicebot: [GET] /api/tavern/chat/messages → 200 (0.1ms) IP=::1 UA=?
[2026-08-16 03:07:41] [INFO] dicebot: [GET] /api/tavern/chat/messages → 200 (0.0ms) IP=::1 UA=?
[2026-08-16 03:07:43] [INFO] dicebot: [GET] /api/tavern/chat/messages → 200 (0.0ms) IP=::1 UA=?
[2026-08-16 03:07:43] [INFO] dicebot: [GET] /api/tavern/chat/messages → 200 (0.1ms) IP=::1 UA=?
[2026-08-16 03:07:45] [INFO] dicebot: [GET] /api/tavern/chat/messages → 200 (0.0ms) IP=::1 UA=?
[2026-08-16 03:07:45] [INFO] dicebot: [GET] /api/tavern/chat/messages → 200 (0.1ms) IP=::1 UA=?
[2026-08-16 03:07:45] [INFO] dicebot: [GET] /api/auth/me → 401 (0.0ms) IP=::1 UA=?
[2026-08-16 03:07:45] [INFO] dicebot: [POST] /api/online/heartbeat → 200 (0.1ms) IP=::1 UA=?
[2026-08-16 03:07:47] [INFO] dicebot: [GET] /api/tavern/chat/messages → 200 (0.0ms) IP=::1 UA=?
[2026-08-16 03:07:47] [INFO] dicebot: [GET] /api/tavern/chat/messages → 200 (0.0ms) IP=::1 UA=?
[2026-08-16 03:07:47] [INFO] dicebot: [GET] /api/tavern/chat/messages → 200 (0.1ms) IP=::1 UA=?
[2026-08-16 03:07:47] [INFO] dicebot: [GET] /api/tavern/chat/messages → 200 (0.1ms) IP=::1 UA=?
[2026-08-16 03:07:48] [INFO] dicebot: [POST] /api/online/leave → 200 (0.5ms) IP=::1 UA=?
[2026-08-16 03:07:48] [INFO] dicebot: [POST] /api/online/leave → 200 (0.1ms) IP=::1 UA=?
[2026-08-16 03:07:48] [INFO] dicebot: [POST] /api/online/heartbeat → 200 (0.1ms) IP=::1 UA=?
[2026-08-16 03:07:48] [INFO] dicebot: [GET] /api/north/load → 401 (0.1ms) IP=::1 UA=?
[2026-08-16 03:07:48] [INFO] dicebot: [GET] /api/north/load → 401 (0.1ms) IP=::1 UA=?
[2026-08-16 03:07:49] [INFO] dicebot: [GET] /api/tavern/chat/messages → 200 (0.1ms) IP=::1 UA=?
[2026-08-16 03:07:49] [INFO] dicebot: [GET] /api/north/load → 401 (0.0ms) IP=::1 UA=?
[2026-08-16 03:07:49] [INFO] dicebot: [GET] /api/tavern/chat/messages → 200 (0.1ms) IP=::1 UA=?
[2026-08-16 03:07:50] [INFO] dicebot: [GET] /api/tavern/chat/messages → 200 (0.0ms) IP=::1 UA=?
[2026-08-16 03:07:50] [INFO] dicebot: [GET] /api/tavern/chat/messages → 200 (0.1ms) IP=::1 UA=?
[2026-08-16 03:07:51] [INFO] dicebot: [GET] /api/tavern/chat/messages → 200 (0.0ms) IP=::1 UA=?
[2026-08-16 03:07:51] [INFO] dicebot: [GET] /api/tavern/chat/messages → 200 (0.0ms) IP=::1 UA=?
[2026-08-16 03:07:51] [INFO] dicebot: [POST] /api/north/save → 200 (10.5ms) IP=::1 UA=?
[2026-08-16 03:07:52] [INFO] dicebot: [GET] /api/tavern/chat/messages → 200 (0.0ms) IP=::1 UA=?
[2026-08-16 03:07:52] [INFO] dicebot: [GET] /api/tavern/chat/messages → 200 (0.0ms) IP=::1 UA=?
[2026-08-16 03:07:53] [INFO] dicebot: [GET] /api/tavern/chat/messages → 200 (0.1ms) IP=::1 UA=?
[2026-08-16 03:07:53] [INFO] dicebot: [GET] /api/tavern/chat/messages → 200 (0.1ms) IP=::1 UA=?
[2026-08-16 03:07:54] [INFO] dicebot: [GET] /api/tavern/chat/messages → 200 (0.1ms) IP=::1 UA=?
[2026-08-16 03:07:54] [INFO] dicebot: [GET] /api/tavern/chat/messages → 200 (0.0ms) IP=::1 UA=?
[2026-08-16 03:07:54] [INFO] dicebot: [POST] /api/error-report → 200 (1.2ms) IP=::1 UA=?
[2026-08-16 03:07:55] [INFO] dicebot: [POST] /api/error-report → 200 (1.0ms) IP=::1 UA=?
[2026-08-16 03:07:55] [INFO] dicebot: [GET] /api/tavern/chat/messages → 200 (0.1ms) IP=::1 UA=?
[2026-08-16 03:07:55] [INFO] dicebot: [GET] /api/tavern/chat/messages → 200 (0.1ms) IP=::1 UA=?
[2026-08-16 03:07:55] [INFO] dicebot: [POST] /api/online/heartbeat → 200 (6.2ms) IP=::1 UA=?
[2026-08-16 03:07:55] [INFO] dicebot: [GET] /api/north/load → 401 (0.0ms) IP=::1 UA=?
[2026-08-16 03:07:57] [INFO] dicebot: [GET] /api/tavern/chat/messages → 200 (0.0ms) IP=::1 UA=?
[2026-08-16 03:07:57] [INFO] dicebot: [GET] /api/tavern/chat/messages → 200 (0.0ms) IP=::1 UA=?
[2026-08-16 03:07:59] [INFO] dicebot: [GET] /api/tavern/chat/messages → 200 (0.0ms) IP=::1 UA=?
[2026-08-16 03:07:59] [INFO] dicebot: [GET] /api/tavern/chat/messages → 200 (0.0ms) IP=::1 UA=?
[2026-08-16 03:08:01] [INFO] dicebot: [GET] /api/tavern/chat/messages → 200 (0.3ms) IP=::1 UA=?
[2026-08-16 03:08:01] [INFO] dicebot: [GET] /api/tavern/chat/messages → 200 (0.0ms) IP=::1 UA=?
[2026-08-16 03:08:03] [INFO] dicebot: [GET] /api/tavern/chat/messages → 200 (0.1ms) IP=::1 UA=?
[2026-08-16 03:08:03] [INFO] dicebot: [GET] /api/tavern/chat/messages → 200 (0.0ms) IP=::1 UA=?
[2026-08-16 03:08:05] [INFO] dicebot: [GET] /api/tavern/chat/messages → 200 (0.0ms) IP=::1 UA=?
[2026-08-16 03:08:05] [INFO] dicebot: [GET] /api/tavern/chat/messages → 200 (0.1ms) IP=::1 UA=?
[2026-08-16 03:08:07] [INFO] dicebot: [GET] /api/tavern/chat/messages → 200 (0.1ms) IP=::1 UA=?
[2026-08-16 03:08:07] [INFO] dicebot: [GET] /api/tavern/chat/messages → 200 (0.0ms) IP=::1 UA=?
[2026-08-16 03:08:09] [INFO] dicebot: [GET] /api/tavern/chat/messages → 200 (0.0ms) IP=::1 UA=?
[2026-08-16 03:08:09] [INFO] dicebot: [GET] /api/tavern/chat/messages → 200 (0.0ms) IP=::1 UA=?
[2026-08-16 03:08:11] [INFO] dicebot: [GET] /api/tavern/chat/messages → 200 (0.0ms) IP=::1 UA=?
[2026-08-16 03:08:11] [INFO] dicebot: [GET] /api/tavern/chat/messages → 200 (0.0ms) IP=::1 UA=?
[2026-08-16 03:08:13] [INFO] dicebot: [GET] /api/tavern/chat/messages → 200 (0.1ms) IP=::1 UA=?
[2026-08-16 03:08:13] [INFO] dicebot: [GET] /api/tavern/chat/messages → 200 (0.0ms) IP=::1 UA=?
[2026-08-16 03:08:15] [INFO] dicebot: [GET] /api/tavern/chat/messages → 200 (0.0ms) IP=::1 UA=?
[2026-08-16 03:08:15] [INFO] dicebot: [POST] /api/online/heartbeat → 200 (1.7ms) IP=::1 UA=?
[2026-08-16 03:08:15] [INFO] dicebot: [GET] /api/tavern/chat/messages → 200 (0.3ms) IP=::1 UA=?
[2026-08-16 03:08:17] [INFO] dicebot: [GET] /api/tavern/chat/messages → 200 (0.1ms) IP=::1 UA=?
[2026-08-16 03:08:17] [INFO] dicebot: [GET] /api/tavern/chat/messages → 200 (0.0ms) IP=::1 UA=?
[2026-08-16 03:08:19] [INFO] dicebot: [GET] /api/tavern/chat/messages → 200 (0.0ms) IP=::1 UA=?
[2026-08-16 03:08:19] [INFO] dicebot: [GET] /api/tavern/chat/messages → 200 (0.0ms) IP=::1 UA=?
[2026-08-16 03:08:21] [INFO] dicebot: [GET] /api/tavern/chat/messages → 200 (0.0ms) IP=::1 UA=?
[2026-08-16 03:08:21] [INFO] dicebot: [GET] /api/tavern/chat/messages → 200 (0.0ms) IP=::1 UA=?
[2026-08-16 03:08:23] [INFO] dicebot: [GET] /api/tavern/chat/messages → 200 (0.1ms) IP=::1 UA=?
[2026-08-16 03:08:23] [INFO] dicebot: [GET] /api/tavern/chat/messages → 200 (0.0ms) IP=::1 UA=?
[2026-08-16 03:08:24] [INFO] dicebot: [POST] /api/error-report → 200 (0.8ms) IP=::1 UA=?
[2026-08-16 03:08:24] [INFO] dicebot: [POST] /api/error-report → 200 (0.8ms) IP=::1 UA=?
[2026-08-16 03:08:25] [INFO] dicebot: [GET] /api/tavern/chat/messages → 200 (0.1ms) IP=::1 UA=?
[2026-08-16 03:08:25] [INFO] dicebot: [GET] /api/tavern/chat/messages → 200 (0.0ms) IP=::1 UA=?
[2026-08-16 03:08:27] [INFO] dicebot: [GET] /api/tavern/chat/messages → 200 (0.0ms) IP=::1 UA=?
[2026-08-16 03:08:27] [INFO] dicebot: [GET] /api/tavern/chat/messages → 200 (0.0ms) IP=::1 UA=?
[2026-08-16 03:08:29] [INFO] dicebot: [GET] /api/tavern/chat/messages → 200 (0.1ms) IP=::1 UA=?
[2026-08-16 03:08:29] [INFO] dicebot: [GET] /api/tavern/chat/messages → 200 (0.0ms) IP=::1 UA=?
[2026-08-16 03:08:31] [INFO] dicebot: [GET] /api/tavern/chat/messages → 200 (0.0ms) IP=::1 UA=?
[2026-08-16 03:08:31] [INFO] dicebot: [GET] /api/tavern/chat/messages → 200 (0.0ms) IP=::1 UA=?
[2026-08-16 03:08:33] [INFO] dicebot: [GET] /api/tavern/chat/messages → 200 (0.0ms) IP=::1 UA=?
[2026-08-16 03:08:33] [INFO] dicebot: [GET] /api/tavern/chat/messages → 200 (0.0ms) IP=::1 UA=?
[2026-08-16 03:08:35] [INFO] dicebot: [GET] /api/tavern/chat/messages → 200 (0.1ms) IP=::1 UA=?
[2026-08-16 03:08:35] [INFO] dicebot: [POST] /api/online/heartbeat → 200 (1.6ms) IP=::1 UA=?
[2026-08-16 03:08:35] [INFO] dicebot: [GET] /api/tavern/chat/messages → 200 (0.1ms) IP=::1 UA=?
[2026-08-16 03:08:37] [INFO] dicebot: [GET] /api/tavern/chat/messages → 200 (0.1ms) IP=::1 UA=?
[2026-08-16 03:08:37] [INFO] dicebot: [GET] /api/tavern/chat/messages → 200 (0.0ms) IP=::1 UA=?
[2026-08-16 03:08:39] [INFO] dicebot: [GET] /api/tavern/chat/messages → 200 (0.0ms) IP=::1 UA=?
[2026-08-16 03:08:39] [INFO] dicebot: [GET] /api/tavern/chat/messages → 200 (0.1ms) IP=::1 UA=?
[2026-08-16 03:08:41] [INFO] dicebot: [GET] /api/tavern/chat/messages → 200 (0.0ms) IP=::1 UA=?
[2026-08-16 03:08:41] [INFO] dicebot: [GET] /api/tavern/chat/messages → 200 (0.2ms) IP=::1 UA=?
[2026-08-16 03:08:43] [INFO] dicebot: [GET] /api/tavern/chat/messages → 200 (0.0ms) IP=::1 UA=?
[2026-08-16 03:08:43] [INFO] dicebot: [GET] /api/tavern/chat/messages → 200 (0.0ms) IP=::1 UA=?
[2026-08-16 03:08:45] [INFO] dicebot: [GET] /api/tavern/chat/messages → 200 (0.0ms) IP=::1 UA=?
[2026-08-16 03:08:45] [INFO] dicebot: [GET] /api/tavern/chat/messages → 200 (0.0ms) IP=::1 UA=?
[2026-08-16 03:08:47] [INFO] dicebot: [GET] /api/tavern/chat/messages → 200 (0.0ms) IP=::1 UA=?
[2026-08-16 03:08:47] [INFO] dicebot: [GET] /api/tavern/chat/messages → 200 (0.1ms) IP=::1 UA=?
[2026-08-16 03:08:49] [INFO] dicebot: [GET] /api/tavern/chat/messages → 200 (0.0ms) IP=::1 UA=?
[2026-08-16 03:08:49] [INFO] dicebot: [GET] /api/tavern/chat/messages → 200 (0.0ms) IP=::1 UA=?
[2026-08-16 03:08:51] [INFO] dicebot: [GET] /api/tavern/chat/messages → 200 (0.0ms) IP=::1 UA=?
[2026-08-16 03:08:51] [INFO] dicebot: [GET] /api/tavern/chat/messages → 200 (0.1ms) IP=::1 UA=?
[2026-08-16 03:08:53] [INFO] dicebot: [GET] /api/tavern/chat/messages → 200 (0.0ms) IP=::1 UA=?
[2026-08-16 03:08:53] [INFO] dicebot: [GET] /api/tavern/chat/messages → 200 (0.0ms) IP=::1 UA=?
[2026-08-16 03:08:54] [INFO] dicebot: [POST] /api/error-report → 200 (0.9ms) IP=::1 UA=?
[2026-08-16 03:08:54] [INFO] dicebot: [POST] /api/error-report → 200 (1.0ms) IP=::1 UA=?
[2026-08-16 03:08:55] [INFO] dicebot: [GET] /api/tavern/chat/messages → 200 (0.1ms) IP=::1 UA=?
[2026-08-16 03:08:55] [INFO] dicebot: [POST] /api/online/heartbeat → 200 (2.0ms) IP=::1 UA=?
[2026-08-16 03:08:55] [INFO] dicebot: [GET] /api/tavern/chat/messages → 200 (0.1ms) IP=::1 UA=?
[2026-08-16 03:08:57] [INFO] dicebot: [GET] /api/tavern/chat/messages → 200 (0.0ms) IP=::1 UA=?
[2026-08-16 03:08:57] [INFO] dicebot: [GET] /api/tavern/chat/messages → 200 (0.0ms) IP=::1 UA=?
[2026-08-16 03:08:59] [INFO] dicebot: [GET] /api/tavern/chat/messages → 200 (0.0ms) IP=::1 UA=?
[2026-08-16 03:08:59] [INFO] dicebot: [GET] /api/tavern/chat/messages → 200 (0.1ms) IP=::1 UA=?
[2026-08-16 03:09:01] [INFO] dicebot: [GET] /api/tavern/chat/messages → 200 (0.1ms) IP=::1 UA=?
[2026-08-16 03:09:01] [INFO] dicebot: [GET] /api/tavern/chat/messages → 200 (0.0ms) IP=::1 UA=?
[2026-08-16 03:09:03] [INFO] dicebot: [GET] /api/tavern/chat/messages → 200 (0.0ms) IP=::1 UA=?
[2026-08-16 03:09:03] [INFO] dicebot: [GET] /api/tavern/chat/messages → 200 (0.2ms) IP=::1 UA=?
[2026-08-16 03:09:05] [INFO] dicebot: [GET] /api/tavern/chat/messages → 200 (0.0ms) IP=::1 UA=?
[2026-08-16 03:09:05] [INFO] dicebot: [GET] /api/tavern/chat/messages → 200 (0.1ms) IP=::1 UA=?
[2026-08-16 03:09:07] [INFO] dicebot: [GET] /api/tavern/chat/messages → 200 (0.0ms) IP=::1 UA=?
[2026-08-16 03:09:07] [INFO] dicebot: [GET] /api/tavern/chat/messages → 200 (0.0ms) IP=::1 UA=?
[2026-08-16 03:09:09] [INFO] dicebot: [GET] /api/tavern/chat/messages → 200 (0.1ms) IP=::1 UA=?
[2026-08-16 03:09:09] [INFO] dicebot: [GET] /api/tavern/chat/messages → 200 (0.0ms) IP=::1 UA=?
[2026-08-16 03:09:11] [INFO] dicebot: [GET] /api/tavern/chat/messages → 200 (0.0ms) IP=::1 UA=?
[2026-08-16 03:09:11] [INFO] dicebot: [GET] /api/tavern/chat/messages → 200 (0.0ms) IP=::1 UA=?
[2026-08-16 03:09:13] [INFO] dicebot: [GET] /api/tavern/chat/messages → 200 (0.0ms) IP=::1 UA=?
[2026-08-16 03:09:13] [INFO] dicebot: [GET] /api/tavern/chat/messages → 200 (0.0ms) IP=::1 UA=?
[2026-08-16 03:09:15] [INFO] dicebot: [GET] /api/tavern/chat/messages → 200 (0.0ms) IP=::1 UA=?
[2026-08-16 03:09:15] [INFO] dicebot: [POST] /api/online/heartbeat → 200 (1.9ms) IP=::1 UA=?
[2026-08-16 03:09:15] [INFO] dicebot: [GET] /api/tavern/chat/messages → 200 (0.0ms) IP=::1 UA=?
[2026-08-16 03:09:17] [INFO] dicebot: [GET] /api/tavern/chat/messages → 200 (0.1ms) IP=::1 UA=?
[2026-08-16 03:09:17] [INFO] dicebot: [GET] /api/tavern/chat/messages → 200 (0.0ms) IP=::1 UA=?
[2026-08-16 03:09:19] [INFO] dicebot: [GET] /api/tavern/chat/messages → 200 (0.1ms) IP=::1 UA=?
[2026-08-16 03:09:19] [INFO] dicebot: [GET] /api/tavern/chat/messages → 200 (0.0ms) IP=::1 UA=?
[2026-08-16 03:09:21] [INFO] dicebot: [GET] /api/tavern/chat/messages → 200 (0.0ms) IP=::1 UA=?
[2026-08-16 03:09:21] [INFO] dicebot: [GET] /api/tavern/chat/messages → 200 (0.0ms) IP=::1 UA=?
[2026-08-16 03:09:23] [INFO] dicebot: [GET] /api/tavern/chat/messages → 200 (0.1ms) IP=::1 UA=?
[2026-08-16 03:09:23] [INFO] dicebot: [GET] /api/tavern/chat/messages → 200 (0.0ms) IP=::1 UA=?
[2026-08-16 03:09:24] [INFO] dicebot: [POST] /api/error-report → 200 (0.9ms) IP=::1 UA=?
[2026-08-16 03:09:24] [INFO] dicebot: [POST] /api/error-report → 200 (0.6ms) IP=::1 UA=?
[2026-08-16 03:09:25] [INFO] dicebot: [GET] /api/tavern/chat/messages → 200 (0.1ms) IP=::1 UA=?
[2026-08-16 03:09:25] [INFO] dicebot: [GET] /api/tavern/chat/messages → 200 (0.0ms) IP=::1 UA=?
[2026-08-16 03:09:27] [INFO] dicebot: [GET] /api/tavern/chat/messages → 200 (0.0ms) IP=::1 UA=?
[2026-08-16 03:09:27] [INFO] dicebot: [GET] /api/tavern/chat/messages → 200 (0.0ms) IP=::1 UA=?
[2026-08-16 03:09:29] [INFO] dicebot: [GET] /api/tavern/chat/messages → 200 (0.0ms) IP=::1 UA=?
[2026-08-16 03:09:29] [INFO] dicebot: [GET] /api/tavern/chat/messages → 200 (0.0ms) IP=::1 UA=?
[2026-08-16 03:09:31] [INFO] dicebot: [GET] /api/tavern/chat/messages → 200 (0.0ms) IP=::1 UA=?
[2026-08-16 03:09:31] [INFO] dicebot: [GET] /api/tavern/chat/messages → 200 (0.0ms) IP=::1 UA=?
[2026-08-16 03:09:33] [INFO] dicebot: [GET] /api/tavern/chat/messages → 200 (0.0ms) IP=::1 UA=?
[2026-08-16 03:09:33] [INFO] dicebot: [GET] /api/tavern/chat/messages → 200 (0.0ms) IP=::1 UA=?
[2026-08-16 03:09:35] [INFO] dicebot: [GET] /api/tavern/chat/messages → 200 (0.1ms) IP=::1 UA=?
[2026-08-16 03:09:35] [INFO] dicebot: [POST] /api/online/heartbeat → 200 (1.9ms) IP=::1 UA=?
[2026-08-16 03:09:35] [INFO] dicebot: [GET] /api/tavern/chat/messages → 200 (0.0ms) IP=::1 UA=?
[2026-08-16 03:09:37] [INFO] dicebot: [GET] /api/tavern/chat/messages → 200 (0.0ms) IP=::1 UA=?
[2026-08-16 03:09:37] [INFO] dicebot: [GET] /api/tavern/chat/messages → 200 (0.1ms) IP=::1 UA=?
[2026-08-16 03:09:39] [INFO] dicebot: [GET] /api/tavern/chat/messages → 200 (0.0ms) IP=::1 UA=?
[2026-08-16 03:09:39] [INFO] dicebot: [GET] /api/tavern/chat/messages → 200 (0.0ms) IP=::1 UA=?
[2026-08-16 03:09:41] [INFO] dicebot: [GET] /api/tavern/chat/messages → 200 (0.0ms) IP=::1 UA=?
[2026-08-16 03:09:41] [INFO] dicebot: [GET] /api/tavern/chat/messages → 200 (0.0ms) IP=::1 UA=?
[2026-08-16 03:09:43] [INFO] dicebot: [GET] /api/tavern/chat/messages → 200 (0.0ms) IP=::1 UA=?
[2026-08-16 03:09:43] [INFO] dicebot: [GET] /api/tavern/chat/messages → 200 (0.0ms) IP=::1 UA=?
[2026-08-16 03:09:45] [INFO] dicebot: [GET] /api/tavern/chat/messages → 200 (0.0ms) IP=::1 UA=?
[2026-08-16 03:09:45] [INFO] dicebot: [GET] /api/tavern/chat/messages → 200 (0.0ms) IP=::1 UA=?
[2026-08-16 03:09:47] [INFO] dicebot: [GET] /api/tavern/chat/messages → 200 (0.0ms) IP=::1 UA=?
[2026-08-16 03:09:47] [INFO] dicebot: [GET] /api/tavern/chat/messages → 200 (0.0ms) IP=::1 UA=?
[2026-08-16 03:09:49] [INFO] dicebot: [GET] /api/tavern/chat/messages → 200 (0.0ms) IP=::1 UA=?
[2026-08-16 03:09:49] [INFO] dicebot: [GET] /api/tavern/chat/messages → 200 (0.0ms) IP=::1 UA=?
[2026-08-16 03:09:51] [INFO] dicebot: [GET] /api/tavern/chat/messages → 200 (0.0ms) IP=::1 UA=?
[2026-08-16 03:09:51] [INFO] dicebot: [GET] /api/tavern/chat/messages → 200 (0.0ms) IP=::1 UA=?
[2026-08-16 03:09:53] [INFO] dicebot: [GET] /api/tavern/chat/messages → 200 (0.0ms) IP=::1 UA=?
[2026-08-16 03:09:53] [INFO] dicebot: [GET] /api/tavern/chat/messages → 200 (0.0ms) IP=::1 UA=?
[2026-08-16 03:09:54] [INFO] dicebot: [POST] /api/error-report → 200 (0.9ms) IP=::1 UA=?
[2026-08-16 03:09:54] [INFO] dicebot: [POST] /api/error-report → 200 (0.6ms) IP=::1 UA=?
[2026-08-16 03:09:55] [INFO] dicebot: [GET] /api/tavern/chat/messages → 200 (0.0ms) IP=::1 UA=?
[2026-08-16 03:09:55] [INFO] dicebot: [POST] /api/online/heartbeat → 200 (1.6ms) IP=::1 UA=?
[2026-08-16 03:09:55] [INFO] dicebot: [GET] /api/tavern/chat/messages → 200 (0.0ms) IP=::1 UA=?
[2026-08-16 03:09:57] [INFO] dicebot: [GET] /api/tavern/chat/messages → 200 (0.0ms) IP=::1 UA=?
[2026-08-16 03:09:57] [INFO] dicebot: [GET] /api/tavern/chat/messages → 200 (0.0ms) IP=::1 UA=?
[2026-08-16 03:09:59] [INFO] dicebot: [GET] /api/tavern/chat/messages → 200 (0.0ms) IP=::1 UA=?
[2026-08-16 03:09:59] [INFO] dicebot: [GET] /api/tavern/chat/messages → 200 (0.0ms) IP=::1 UA=?
[2026-08-16 03:10:01] [INFO] dicebot: [GET] /api/tavern/chat/messages → 200 (0.0ms) IP=::1 UA=?
[2026-08-16 03:10:01] [INFO] dicebot: [GET] /api/tavern/chat/messages → 200 (0.1ms) IP=::1 UA=?
[2026-08-16 03:10:03] [INFO] dicebot: [GET] /api/tavern/chat/messages → 200 (0.1ms) IP=::1 UA=?
[2026-08-16 03:10:03] [INFO] dicebot: [GET] /api/tavern/chat/messages → 200 (0.0ms) IP=::1 UA=?
[2026-08-16 03:10:05] [INFO] dicebot: [GET] /api/tavern/chat/messages → 200 (0.0ms) IP=::1 UA=?
[2026-08-16 03:10:05] [INFO] dicebot: [GET] /api/tavern/chat/messages → 200 (0.0ms) IP=::1 UA=?
[2026-08-16 03:10:07] [INFO] dicebot: [GET] /api/tavern/chat/messages → 200 (0.0ms) IP=::1 UA=?
[2026-08-16 03:10:07] [INFO] dicebot: [GET] /api/tavern/chat/messages → 200 (0.0ms) IP=::1 UA=?
[2026-08-16 03:10:09] [INFO] dicebot: [GET] /api/tavern/chat/messages → 200 (0.0ms) IP=::1 UA=?
[2026-08-16 03:10:09] [INFO] dicebot: [GET] /api/tavern/chat/messages → 200 (0.0ms) IP=::1 UA=?
[2026-08-16 03:10:11] [INFO] dicebot: [GET] /api/tavern/chat/messages → 200 (0.0ms) IP=::1 UA=?
[2026-08-16 03:10:11] [INFO] dicebot: [GET] /api/tavern/chat/messages → 200 (0.0ms) IP=::1 UA=?
[2026-08-16 03:10:13] [INFO] dicebot: [GET] /api/tavern/chat/messages → 200 (0.0ms) IP=::1 UA=?
[2026-08-16 03:10:13] [INFO] dicebot: [GET] /api/tavern/chat/messages → 200 (0.0ms) IP=::1 UA=?
[2026-08-16 03:10:15] [INFO] dicebot: [GET] /api/tavern/chat/messages → 200 (0.1ms) IP=::1 UA=?
[2026-08-16 03:10:15] [INFO] dicebot: [GET] /api/tavern/chat/messages → 200 (0.0ms) IP=::1 UA=?
[2026-08-16 03:10:15] [INFO] dicebot: [POST] /api/online/heartbeat → 200 (1.9ms) IP=::1 UA=?
[2026-08-16 03:10:17] [INFO] dicebot: [GET] /api/tavern/chat/messages → 200 (0.0ms) IP=::1 UA=?
[2026-08-16 03:10:17] [INFO] dicebot: [GET] /api/tavern/chat/messages → 200 (0.1ms) IP=::1 UA=?
[2026-08-16 03:10:19] [INFO] dicebot: [GET] /api/tavern/chat/messages → 200 (0.0ms) IP=::1 UA=?
[2026-08-16 03:10:19] [INFO] dicebot: [GET] /api/tavern/chat/messages → 200 (0.1ms) IP=::1 UA=?
[2026-08-16 03:10:21] [INFO] dicebot: [GET] /api/tavern/chat/messages → 200 (0.1ms) IP=::1 UA=?
[2026-08-16 03:10:21] [INFO] dicebot: [GET] /api/tavern/chat/messages → 200 (0.0ms) IP=::1 UA=?
[2026-08-16 03:10:23] [INFO] dicebot: [GET] /api/tavern/chat/messages → 200 (0.0ms) IP=::1 UA=?
[2026-08-16 03:10:23] [INFO] dicebot: [GET] /api/tavern/chat/messages → 200 (0.0ms) IP=::1 UA=?
[2026-08-16 03:10:24] [INFO] dicebot: [POST] /api/error-report → 200 (1.1ms) IP=::1 UA=?
[2026-08-16 03:10:24] [INFO] dicebot: [POST] /api/error-report → 200 (1.9ms) IP=::1 UA=?
[2026-08-16 03:10:25] [INFO] dicebot: [GET] /api/tavern/chat/messages → 200 (0.0ms) IP=::1 UA=?
[2026-08-16 03:10:25] [INFO] dicebot: [GET] /api/tavern/chat/messages → 200 (0.0ms) IP=::1 UA=?
[2026-08-16 03:10:27] [INFO] dicebot: [GET] /api/tavern/chat/messages → 200 (0.0ms) IP=::1 UA=?
[2026-08-16 03:10:27] [INFO] dicebot: [GET] /api/tavern/chat/messages → 200 (0.0ms) IP=::1 UA=?
[2026-08-16 03:10:29] [INFO] dicebot: [GET] /api/tavern/chat/messages → 200 (0.0ms) IP=::1 UA=?
[2026-08-16 03:10:29] [INFO] dicebot: [GET] /api/tavern/chat/messages → 200 (0.0ms) IP=::1 UA=?
[2026-08-16 03:10:31] [INFO] dicebot: [GET] /api/tavern/chat/messages → 200 (0.1ms) IP=::1 UA=?
[2026-08-16 03:10:31] [INFO] dicebot: [GET] /api/tavern/chat/messages → 200 (0.0ms) IP=::1 UA=?
[2026-08-16 03:10:33] [INFO] dicebot: [GET] /api/tavern/chat/messages → 200 (0.1ms) IP=::1 UA=?
[2026-08-16 03:10:33] [INFO] dicebot: [GET] /api/tavern/chat/messages → 200 (0.0ms) IP=::1 UA=?
[2026-08-16 03:10:35] [INFO] dicebot: [GET] /api/tavern/chat/messages → 200 (0.0ms) IP=::1 UA=?
[2026-08-16 03:10:35] [INFO] dicebot: [POST] /api/online/heartbeat → 200 (1.5ms) IP=::1 UA=?
[2026-08-16 03:10:35] [INFO] dicebot: [GET] /api/tavern/chat/messages → 200 (0.0ms) IP=::1 UA=?
[2026-08-16 03:10:37] [INFO] dicebot: [GET] /api/tavern/chat/messages → 200 (0.1ms) IP=::1 UA=?
[2026-08-16 03:10:37] [INFO] dicebot: [GET] /api/tavern/chat/messages → 200 (0.1ms) IP=::1 UA=?
[2026-08-16 03:10:39] [INFO] dicebot: [GET] /api/tavern/chat/messages → 200 (0.0ms) IP=::1 UA=?
[2026-08-16 03:10:39] [INFO] dicebot: [GET] /api/tavern/chat/messages → 200 (0.1ms) IP=::1 UA=?
[2026-08-16 03:10:41] [INFO] dicebot: [GET] /api/tavern/chat/messages → 200 (0.0ms) IP=::1 UA=?
[2026-08-16 03:10:41] [INFO] dicebot: [GET] /api/tavern/chat/messages → 200 (0.1ms) IP=::1 UA=?
[2026-08-16 03:10:41] [INFO] dicebot: [POST] /api/online/leave → 200 (0.4ms) IP=::1 UA=?
[2026-08-16 03:10:41] [INFO] dicebot: [POST] /api/online/leave → 200 (0.1ms) IP=::1 UA=?
[2026-08-16 03:10:41] [INFO] dicebot: [GET] /api/auth/me → 200 (4.3ms) IP=::1 UA=?
[2026-08-16 03:10:41] [INFO] dicebot: [POST] /api/online/heartbeat → 200 (2.9ms) IP=::1 UA=?
[2026-08-16 03:10:41] [INFO] dicebot: [GET] /api/north/load → 200 (4.3ms) IP=::1 UA=?
[2026-08-16 03:10:41] [INFO] dicebot: [GET] /api/auth/me → 200 (2.6ms) IP=::1 UA=?
[2026-08-16 03:10:41] [INFO] dicebot: [GET] /api/north/load → 200 (3.5ms) IP=::1 UA=?
[2026-08-16 03:10:41] [INFO] dicebot: [GET] /api/north/load → 200 (3.2ms) IP=::1 UA=?
[2026-08-16 03:10:43] [INFO] dicebot: [GET] /api/tavern/chat/messages → 200 (0.0ms) IP=::1 UA=?
[2026-08-16 03:10:43] [INFO] dicebot: [GET] /api/tavern/chat/messages → 200 (0.0ms) IP=::1 UA=?
[2026-08-16 03:10:43] [INFO] dicebot: [POST] /api/north/save → 200 (6.3ms) IP=::1 UA=?
[2026-08-16 03:10:45] [INFO] dicebot: [GET] /api/tavern/chat/messages → 200 (0.0ms) IP=::1 UA=?
[2026-08-16 03:10:45] [INFO] dicebot: [GET] /api/tavern/chat/messages → 200 (0.0ms) IP=::1 UA=?
[2026-08-16 03:10:47] [INFO] dicebot: [GET] /api/tavern/chat/messages → 200 (0.1ms) IP=::1 UA=?
[2026-08-16 03:10:47] [INFO] dicebot: [GET] /api/tavern/chat/messages → 200 (0.0ms) IP=::1 UA=?
[2026-08-16 03:10:49] [INFO] dicebot: [GET] /api/tavern/chat/messages → 200 (0.0ms) IP=::1 UA=?
[2026-08-16 03:10:49] [INFO] dicebot: [GET] /api/tavern/chat/messages → 200 (0.1ms) IP=::1 UA=?
[2026-08-16 03:10:51] [INFO] dicebot: [GET] /api/tavern/chat/messages → 200 (0.1ms) IP=::1 UA=?
[2026-08-16 03:10:51] [INFO] dicebot: [GET] /api/tavern/chat/messages → 200 (0.0ms) IP=::1 UA=?
[2026-08-16 03:10:54] [INFO] dicebot: [GET] /api/tavern/chat/messages → 200 (0.0ms) IP=::1 UA=?
[2026-08-16 03:10:54] [INFO] dicebot: [GET] /api/tavern/chat/messages → 200 (0.0ms) IP=::1 UA=?
[2026-08-16 03:10:55] [INFO] dicebot: [GET] /api/tavern/chat/messages → 200 (0.0ms) IP=::1 UA=?
[2026-08-16 03:10:55] [INFO] dicebot: [GET] /api/tavern/chat/messages → 200 (0.0ms) IP=::1 UA=?
[2026-08-16 03:10:57] [INFO] dicebot: [GET] /api/tavern/chat/messages → 200 (0.1ms) IP=::1 UA=?
[2026-08-16 03:10:57] [INFO] dicebot: [GET] /api/tavern/chat/messages → 200 (0.0ms) IP=::1 UA=?
[2026-08-16 03:10:59] [INFO] dicebot: [GET] /api/tavern/chat/messages → 200 (0.0ms) IP=::1 UA=?
[2026-08-16 03:10:59] [INFO] dicebot: [GET] /api/tavern/chat/messages → 200 (0.0ms) IP=::1 UA=?
[2026-08-16 03:11:01] [INFO] dicebot: [GET] /api/tavern/chat/messages → 200 (0.0ms) IP=::1 UA=?
[2026-08-16 03:11:01] [INFO] dicebot: [POST] /api/online/heartbeat → 200 (1.4ms) IP=::1 UA=?
[2026-08-16 03:11:01] [INFO] dicebot: [GET] /api/tavern/chat/messages → 200 (0.0ms) IP=::1 UA=?
[2026-08-16 03:11:03] [INFO] dicebot: [GET] /api/tavern/chat/messages → 200 (0.0ms) IP=::1 UA=?
[2026-08-16 03:11:03] [INFO] dicebot: [GET] /api/tavern/chat/messages → 200 (0.0ms) IP=::1 UA=?
[2026-08-16 03:11:05] [INFO] dicebot: [GET] /api/tavern/chat/messages → 200 (0.0ms) IP=::1 UA=?
[2026-08-16 03:11:05] [INFO] dicebot: [GET] /api/tavern/chat/messages → 200 (0.0ms) IP=::1 UA=?
[2026-08-16 03:11:07] [INFO] dicebot: [GET] /api/tavern/chat/messages → 200 (0.1ms) IP=::1 UA=?
[2026-08-16 03:11:07] [INFO] dicebot: [GET] /api/tavern/chat/messages → 200 (0.0ms) IP=::1 UA=?
[2026-08-16 03:11:09] [INFO] dicebot: [GET] /api/tavern/chat/messages → 200 (0.0ms) IP=::1 UA=?
[2026-08-16 03:11:09] [INFO] dicebot: [GET] /api/tavern/chat/messages → 200 (0.0ms) IP=::1 UA=?
[2026-08-16 03:11:11] [INFO] dicebot: [GET] /api/tavern/chat/messages → 200 (0.0ms) IP=::1 UA=?
[2026-08-16 03:11:11] [INFO] dicebot: [POST] /api/north/save → 200 (7.1ms) IP=::1 UA=?
[2026-08-16 03:11:11] [INFO] dicebot: [GET] /api/tavern/chat/messages → 200 (0.0ms) IP=::1 UA=?
[2026-08-16 03:11:13] [INFO] dicebot: [GET] /api/tavern/chat/messages → 200 (0.1ms) IP=::1 UA=?
[2026-08-16 03:11:13] [INFO] dicebot: [GET] /api/tavern/chat/messages → 200 (0.1ms) IP=::1 UA=?
[2026-08-16 03:11:15] [INFO] dicebot: [GET] /api/tavern/chat/messages → 200 (0.1ms) IP=::1 UA=?
[2026-08-16 03:11:15] [INFO] dicebot: [GET] /api/tavern/chat/messages → 200 (0.2ms) IP=::1 UA=?
[2026-08-16 03:11:17] [INFO] dicebot: [GET] /api/tavern/chat/messages → 200 (0.0ms) IP=::1 UA=?
[2026-08-16 03:11:17] [INFO] dicebot: [GET] /api/tavern/chat/messages → 200 (0.0ms) IP=::1 UA=?
[2026-08-16 03:11:19] [INFO] dicebot: [GET] /api/tavern/chat/messages → 200 (0.0ms) IP=::1 UA=?
[2026-08-16 03:11:19] [INFO] dicebot: [GET] /api/tavern/chat/messages → 200 (0.1ms) IP=::1 UA=?
[2026-08-16 03:11:21] [INFO] dicebot: [GET] /api/tavern/chat/messages → 200 (0.0ms) IP=::1 UA=?
[2026-08-16 03:11:21] [INFO] dicebot: [POST] /api/online/heartbeat → 200 (1.7ms) IP=::1 UA=?
[2026-08-16 03:11:21] [INFO] dicebot: [GET] /api/tavern/chat/messages → 200 (0.1ms) IP=::1 UA=?
[2026-08-16 03:11:23] [INFO] dicebot: [GET] /api/tavern/chat/messages → 200 (0.0ms) IP=::1 UA=?
[2026-08-16 03:11:23] [INFO] dicebot: [GET] /api/tavern/chat/messages → 200 (0.0ms) IP=::1 UA=?
[2026-08-16 03:11:25] [INFO] dicebot: [GET] /api/tavern/chat/messages → 200 (0.0ms) IP=::1 UA=?
[2026-08-16 03:11:25] [INFO] dicebot: [GET] /api/tavern/chat/messages → 200 (0.0ms) IP=::1 UA=?
[2026-08-16 03:11:27] [INFO] dicebot: [GET] /api/tavern/chat/messages → 200 (0.0ms) IP=::1 UA=?
[2026-08-16 03:11:27] [INFO] dicebot: [GET] /api/tavern/chat/messages → 200 (0.0ms) IP=::1 UA=?
[2026-08-16 03:11:29] [INFO] dicebot: [GET] /api/tavern/chat/messages → 200 (0.0ms) IP=::1 UA=?
[2026-08-16 03:11:29] [INFO] dicebot: [GET] /api/tavern/chat/messages → 200 (0.0ms) IP=::1 UA=?
[2026-08-16 03:11:31] [INFO] dicebot: [GET] /api/tavern/chat/messages → 200 (0.1ms) IP=::1 UA=?
[2026-08-16 03:11:31] [INFO] dicebot: [GET] /api/tavern/chat/messages → 200 (0.0ms) IP=::1 UA=?
[2026-08-16 03:11:33] [INFO] dicebot: [GET] /api/tavern/chat/messages → 200 (0.0ms) IP=::1 UA=?
[2026-08-16 03:11:33] [INFO] dicebot: [GET] /api/tavern/chat/messages → 200 (0.0ms) IP=::1 UA=?
[2026-08-16 03:11:35] [INFO] dicebot: [GET] /api/tavern/chat/messages → 200 (0.0ms) IP=::1 UA=?
[2026-08-16 03:11:35] [INFO] dicebot: [GET] /api/tavern/chat/messages → 200 (0.0ms) IP=::1 UA=?
[2026-08-16 03:11:37] [INFO] dicebot: [GET] /api/tavern/chat/messages → 200 (0.0ms) IP=::1 UA=?
[2026-08-16 03:11:37] [INFO] dicebot: [GET] /api/tavern/chat/messages → 200 (0.0ms) IP=::1 UA=?
[2026-08-16 03:11:39] [INFO] dicebot: [GET] /api/tavern/chat/messages → 200 (0.0ms) IP=::1 UA=?
[2026-08-16 03:11:39] [INFO] dicebot: [GET] /api/tavern/chat/messages → 200 (0.1ms) IP=::1 UA=?
[2026-08-16 03:11:41] [INFO] dicebot: [GET] /api/tavern/chat/messages → 200 (0.0ms) IP=::1 UA=?
[2026-08-16 03:11:41] [INFO] dicebot: [POST] /api/north/save → 200 (5.1ms) IP=::1 UA=?
[2026-08-16 03:11:41] [INFO] dicebot: [POST] /api/online/heartbeat → 200 (1.9ms) IP=::1 UA=?
[2026-08-16 03:11:41] [INFO] dicebot: [GET] /api/tavern/chat/messages → 200 (0.0ms) IP=::1 UA=?
[2026-08-16 03:11:43] [INFO] dicebot: [GET] /api/tavern/chat/messages → 200 (0.0ms) IP=::1 UA=?
[2026-08-16 03:11:43] [INFO] dicebot: [GET] /api/tavern/chat/messages → 200 (0.0ms) IP=::1 UA=?
[2026-08-16 03:11:45] [INFO] dicebot: [GET] /api/tavern/chat/messages → 200 (0.0ms) IP=::1 UA=?
[2026-08-16 03:11:45] [INFO] dicebot: [GET] /api/tavern/chat/messages → 200 (0.0ms) IP=::1 UA=?
[2026-08-16 03:11:47] [INFO] dicebot: [GET] /api/tavern/chat/messages → 200 (0.0ms) IP=::1 UA=?
[2026-08-16 03:11:47] [INFO] dicebot: [GET] /api/tavern/chat/messages → 200 (0.0ms) IP=::1 UA=?
[2026-08-16 03:11:49] [INFO] dicebot: [GET] /api/tavern/chat/messages → 200 (0.0ms) IP=::1 UA=?
[2026-08-16 03:11:49] [INFO] dicebot: [GET] /api/tavern/chat/messages → 200 (0.0ms) IP=::1 UA=?
[2026-08-16 03:11:51] [INFO] dicebot: [GET] /api/tavern/chat/messages → 200 (0.0ms) IP=::1 UA=?
[2026-08-16 03:11:51] [INFO] dicebot: [GET] /api/tavern/chat/messages → 200 (0.0ms) IP=::1 UA=?
[2026-08-16 03:11:53] [INFO] dicebot: [GET] /api/tavern/chat/messages → 200 (0.0ms) IP=::1 UA=?
[2026-08-16 03:11:53] [INFO] dicebot: [GET] /api/tavern/chat/messages → 200 (0.0ms) IP=::1 UA=?
[2026-08-16 03:11:55] [INFO] dicebot: [GET] /api/tavern/chat/messages → 200 (0.1ms) IP=::1 UA=?
[2026-08-16 03:11:55] [INFO] dicebot: [GET] /api/tavern/chat/messages → 200 (0.0ms) IP=::1 UA=?
[2026-08-16 03:11:57] [INFO] dicebot: [GET] /api/tavern/chat/messages → 200 (0.0ms) IP=::1 UA=?
[2026-08-16 03:11:57] [INFO] dicebot: [GET] /api/tavern/chat/messages → 200 (0.0ms) IP=::1 UA=?
[2026-08-16 03:11:59] [INFO] dicebot: [GET] /api/tavern/chat/messages → 200 (0.0ms) IP=::1 UA=?
[2026-08-16 03:11:59] [INFO] dicebot: [GET] /api/tavern/chat/messages → 200 (0.0ms) IP=::1 UA=?
[2026-08-16 03:12:01] [INFO] dicebot: [GET] /api/tavern/chat/messages → 200 (0.1ms) IP=::1 UA=?
[2026-08-16 03:12:01] [INFO] dicebot: [POST] /api/online/heartbeat → 200 (1.8ms) IP=::1 UA=?
[2026-08-16 03:12:01] [INFO] dicebot: [GET] /api/tavern/chat/messages → 200 (0.1ms) IP=::1 UA=?
[2026-08-16 03:12:03] [INFO] dicebot: [GET] /api/tavern/chat/messages → 200 (0.0ms) IP=::1 UA=?
[2026-08-16 03:12:03] [INFO] dicebot: [GET] /api/tavern/chat/messages → 200 (0.0ms) IP=::1 UA=?
[2026-08-16 03:12:05] [INFO] dicebot: [GET] /api/tavern/chat/messages → 200 (0.1ms) IP=::1 UA=?
[2026-08-16 03:12:05] [INFO] dicebot: [GET] /api/tavern/chat/messages → 200 (0.0ms) IP=::1 UA=?
[2026-08-16 03:12:07] [INFO] dicebot: [GET] /api/tavern/chat/messages → 200 (0.0ms) IP=::1 UA=?
[2026-08-16 03:12:07] [INFO] dicebot: [GET] /api/tavern/chat/messages → 200 (0.0ms) IP=::1 UA=?
[2026-08-16 03:12:09] [INFO] dicebot: [GET] /api/tavern/chat/messages → 200 (0.1ms) IP=::1 UA=?
[2026-08-16 03:12:09] [INFO] dicebot: [GET] /api/tavern/chat/messages → 200 (0.0ms) IP=::1 UA=?
[2026-08-16 03:12:11] [INFO] dicebot: [GET] /api/tavern/chat/messages → 200 (0.0ms) IP=::1 UA=?
[2026-08-16 03:12:11] [INFO] dicebot: [POST] /api/north/save → 200 (6.1ms) IP=::1 UA=?
[2026-08-16 03:12:11] [INFO] dicebot: [GET] /api/tavern/chat/messages → 200 (0.0ms) IP=::1 UA=?
[2026-08-16 03:12:13] [INFO] dicebot: [GET] /api/tavern/chat/messages → 200 (0.0ms) IP=::1 UA=?
[2026-08-16 03:12:13] [INFO] dicebot: [GET] /api/tavern/chat/messages → 200 (0.0ms) IP=::1 UA=?
[2026-08-16 03:12:15] [INFO] dicebot: [GET] /api/tavern/chat/messages → 200 (0.0ms) IP=::1 UA=?
[2026-08-16 03:12:15] [INFO] dicebot: [GET] /api/tavern/chat/messages → 200 (0.0ms) IP=::1 UA=?
[2026-08-16 03:12:17] [INFO] dicebot: [GET] /api/tavern/chat/messages → 200 (0.0ms) IP=::1 UA=?
[2026-08-16 03:12:17] [INFO] dicebot: [GET] /api/tavern/chat/messages → 200 (0.0ms) IP=::1 UA=?
[2026-08-16 03:12:19] [INFO] dicebot: [GET] /api/tavern/chat/messages → 200 (0.0ms) IP=::1 UA=?
[2026-08-16 03:12:19] [INFO] dicebot: [GET] /api/tavern/chat/messages → 200 (0.0ms) IP=::1 UA=?
[2026-08-16 03:12:21] [INFO] dicebot: [GET] /api/tavern/chat/messages → 200 (0.1ms) IP=::1 UA=?
[2026-08-16 03:12:21] [INFO] dicebot: [GET] /api/tavern/chat/messages → 200 (0.1ms) IP=::1 UA=?
[2026-08-16 03:12:21] [INFO] dicebot: [POST] /api/online/heartbeat → 200 (2.2ms) IP=::1 UA=?
[2026-08-16 03:12:23] [INFO] dicebot: [GET] /api/tavern/chat/messages → 200 (0.0ms) IP=::1 UA=?
[2026-08-16 03:12:23] [INFO] dicebot: [GET] /api/tavern/chat/messages → 200 (0.0ms) IP=::1 UA=?
[2026-08-16 03:12:25] [INFO] dicebot: [GET] /api/tavern/chat/messages → 200 (0.1ms) IP=::1 UA=?
[2026-08-16 03:12:25] [INFO] dicebot: [GET] /api/tavern/chat/messages → 200 (0.0ms) IP=::1 UA=?
[2026-08-16 03:12:28] [INFO] dicebot: [GET] /api/tavern/chat/messages → 200 (0.0ms) IP=::1 UA=?
[2026-08-16 03:12:28] [INFO] dicebot: [GET] /api/tavern/chat/messages → 200 (0.0ms) IP=::1 UA=?
[2026-08-16 03:12:29] [INFO] dicebot: [GET] /api/tavern/chat/messages → 200 (0.0ms) IP=::1 UA=?
[2026-08-16 03:12:29] [INFO] dicebot: [GET] /api/tavern/chat/messages → 200 (0.0ms) IP=::1 UA=?
[2026-08-16 03:12:31] [INFO] dicebot: [GET] /api/tavern/chat/messages → 200 (0.1ms) IP=::1 UA=?
[2026-08-16 03:12:31] [INFO] dicebot: [GET] /api/tavern/chat/messages → 200 (0.0ms) IP=::1 UA=?
[2026-08-16 03:12:31] [INFO] dicebot: [POST] /api/online/leave → 200 (0.1ms) IP=::1 UA=?
[2026-08-16 03:12:31] [INFO] dicebot: [POST] /api/online/leave → 200 (0.1ms) IP=::1 UA=?
[2026-08-16 03:12:31] [INFO] dicebot: [GET] /api/online/users → 200 (0.0ms) IP=::1 UA=?
[2026-08-16 03:12:31] [INFO] dicebot: [GET] /api/auth/me → 200 (4.4ms) IP=::1 UA=?
[2026-08-16 03:12:31] [INFO] dicebot: [GET] /api/community/boards → 200 (3.7ms) IP=::1 UA=?
[2026-08-16 03:12:31] [INFO] dicebot: [GET] /api/workshop/items → 200 (6.4ms) IP=::1 UA=?
[2026-08-16 03:12:31] [INFO] dicebot: [GET] /api/announcements → 200 (2.6ms) IP=::1 UA=?
[2026-08-16 03:12:31] [INFO] dicebot: [GET] /api/stats/overview → 200 (8.6ms) IP=::1 UA=?
[2026-08-16 03:12:31] [INFO] dicebot: [GET] /api/auth/me → 200 (4.1ms) IP=::1 UA=?
[2026-08-16 03:12:31] [INFO] dicebot: [GET] /api/topics → 200 (56.0ms) IP=::1 UA=?
[2026-08-16 03:12:31] [INFO] dicebot: [POST] /api/online/heartbeat → 200 (1.3ms) IP=::1 UA=?
[2026-08-16 03:12:48] [INFO] dicebot: [GET] /api/auth/me → 200 (2.5ms) IP=::1 UA=?
[2026-08-16 03:12:48] [INFO] dicebot: [POST] /api/online/leave → 200 (0.1ms) IP=::1 UA=?
[2026-08-16 03:12:48] [INFO] dicebot: [POST] /api/online/leave → 200 (0.2ms) IP=::1 UA=?
[2026-08-16 03:12:48] [INFO] dicebot: [GET] /api/characters → 200 (0.0ms) IP=::1 UA=?
[2026-08-16 03:12:48] [INFO] dicebot: [GET] /api/dm-status → 200 (0.1ms) IP=::1 UA=?
[2026-08-16 03:12:48] [INFO] dicebot: [GET] /api/auth/me → 200 (8.0ms) IP=::1 UA=?
[2026-08-16 03:12:48] [INFO] dicebot: [POST] /api/online/heartbeat → 200 (9.1ms) IP=::1 UA=?
[2026-08-16 03:12:49] [INFO] dicebot: [POST] /api/room/join → 200 (0.1ms) IP=::1 UA=?
[2026-08-16 03:12:49] [INFO] dicebot: [GET] /api/characters → 200 (131.2ms) IP=::1 UA=?
[2026-08-16 03:12:50] [INFO] dicebot: [GET] /api/events/notifications → 200 (0.1ms) IP=::1 UA=?
[2026-08-16 03:12:51] [INFO] dicebot: [POST] /api/online/leave → 200 (0.1ms) IP=::1 UA=?
[2026-08-16 03:12:51] [INFO] dicebot: [POST] /api/online/leave → 200 (0.1ms) IP=::1 UA=?
[2026-08-16 03:12:51] [INFO] dicebot: [POST] /api/online/heartbeat → 200 (2.7ms) IP=::1 UA=?
[2026-08-16 03:12:51] [INFO] dicebot: [GET] /api/dm-status → 200 (0.1ms) IP=::1 UA=?
[2026-08-16 03:12:51] [INFO] dicebot: [GET] /api/auth/me → 200 (4.3ms) IP=::1 UA=?
[2026-08-16 03:12:51] [INFO] dicebot: [GET] /api/characters → 200 (170.8ms) IP=::1 UA=?
[2026-08-16 03:12:52] [INFO] dicebot: [POST] /api/online/leave → 200 (0.1ms) IP=::1 UA=?
[2026-08-16 03:12:52] [INFO] dicebot: [POST] /api/combat-state → 200 (8.5ms) IP=::1 UA=?
[2026-08-16 03:12:52] [INFO] dicebot: [POST] /api/combat-state → 200 (2.1ms) IP=::1 UA=?
[2026-08-16 03:12:52] [INFO] dicebot: [POST] /api/online/leave → 200 (0.4ms) IP=::1 UA=?
[2026-08-16 03:12:52] [INFO] dicebot: [POST] /api/online/heartbeat → 200 (1.0ms) IP=::1 UA=?
[2026-08-16 03:12:52] [INFO] dicebot: [GET] /api/characters → 200 (135.2ms) IP=::1 UA=?
[2026-08-16 03:12:52] [INFO] dicebot: [POST] /api/online/leave → 200 (0.1ms) IP=::1 UA=?
[2026-08-16 03:12:52] [INFO] dicebot: [POST] /api/online/leave → 200 (0.1ms) IP=::1 UA=?
[2026-08-16 03:12:52] [INFO] dicebot: [POST] /api/online/heartbeat → 200 (2.7ms) IP=::1 UA=?
[2026-08-16 03:12:52] [INFO] dicebot: [GET] /api/auth/me → 200 (3.3ms) IP=::1 UA=?
[2026-08-16 03:12:52] [INFO] dicebot: [GET] /api/characters → 200 (143.0ms) IP=::1 UA=?
[2026-08-16 03:12:52] [INFO] dicebot: [GET] /api/character/46/portrait → 200 (16.4ms) IP=::1 UA=?
[2026-08-16 03:12:52] [INFO] dicebot: [GET] /api/character/48/portrait → 200 (15.3ms) IP=::1 UA=?
[2026-08-16 03:12:53] [INFO] dicebot: [GET] /api/character/41/portrait → 404 (39.6ms) IP=::1 UA=?
[2026-08-16 03:12:53] [INFO] dicebot: [GET] /api/character/43/portrait → 200 (39.3ms) IP=::1 UA=?
[2026-08-16 03:12:53] [INFO] dicebot: [GET] /api/character/72/portrait → 200 (24.1ms) IP=::1 UA=?
[2026-08-16 03:12:53] [INFO] dicebot: [GET] /api/character/73/portrait → 200 (24.1ms) IP=::1 UA=?
[2026-08-16 03:12:53] [INFO] dicebot: [GET] /api/character/76/portrait → 200 (22.8ms) IP=::1 UA=?
[2026-08-16 03:12:53] [INFO] dicebot: [GET] /api/character/77/portrait → 200 (16.9ms) IP=::1 UA=?
[2026-08-16 03:12:53] [INFO] dicebot: [GET] /api/character/55/portrait → 200 (129.4ms) IP=::1 UA=?
[2026-08-16 03:12:53] [INFO] dicebot: [GET] /api/character/71/portrait → 200 (130.5ms) IP=::1 UA=?
[2026-08-16 03:12:53] [INFO] dicebot: [GET] /api/character/78/portrait → 200 (27.9ms) IP=::1 UA=?
[2026-08-16 03:12:53] [INFO] dicebot: [GET] /api/character/79/portrait → 200 (27.3ms) IP=::1 UA=?
[2026-08-16 03:12:53] [INFO] dicebot: [GET] /api/character/81/portrait → 200 (24.5ms) IP=::1 UA=?
[2026-08-16 03:12:53] [INFO] dicebot: [GET] /api/character/80/portrait → 200 (29.7ms) IP=::1 UA=?
[2026-08-16 03:12:53] [INFO] dicebot: [GET] /api/character/82/portrait → 200 (19.8ms) IP=::1 UA=?
[2026-08-16 03:12:53] [INFO] dicebot: [GET] /api/character/89/portrait → 200 (15.2ms) IP=::1 UA=?
[2026-08-16 03:12:53] [INFO] dicebot: [GET] /api/character/90/portrait → 404 (9.2ms) IP=::1 UA=?
[2026-08-16 03:12:53] [INFO] dicebot: [GET] /api/character/92/portrait → 200 (12.8ms) IP=::1 UA=?
[2026-08-16 03:12:53] [INFO] dicebot: [GET] /api/character/93/portrait → 200 (60.3ms) IP=::1 UA=?
[2026-08-16 03:12:53] [INFO] dicebot: [GET] /api/character/109/portrait → 404 (57.5ms) IP=::1 UA=?
[2026-08-16 03:12:53] [INFO] dicebot: [GET] /api/character/136/portrait → 404 (57.9ms) IP=::1 UA=?
[2026-08-16 03:12:53] [INFO] dicebot: [GET] /api/character/95/portrait → 200 (65.0ms) IP=::1 UA=?
[2026-08-16 03:12:53] [INFO] dicebot: [GET] /api/character/87/portrait → 200 (164.3ms) IP=::1 UA=?
[2026-08-16 03:12:53] [INFO] dicebot: [GET] /api/character/177/portrait → 200 (19.2ms) IP=::1 UA=?
[2026-08-16 03:12:53] [INFO] dicebot: [GET] /api/character/138/portrait → 200 (21.2ms) IP=::1 UA=?
[2026-08-16 03:12:53] [INFO] dicebot: [GET] /api/character/137/portrait → 200 (23.1ms) IP=::1 UA=?
[2026-08-16 03:12:53] [INFO] dicebot: [POST] /api/online/leave → 200 (0.1ms) IP=::1 UA=?
[2026-08-16 03:12:53] [INFO] dicebot: [POST] /api/online/leave → 200 (0.1ms) IP=::1 UA=?
[2026-08-16 03:12:53] [INFO] dicebot: [GET] /api/dm-status → 200 (0.1ms) IP=::1 UA=?
[2026-08-16 03:12:53] [INFO] dicebot: [GET] /api/chat/messages → 200 (0.2ms) IP=::1 UA=?
[2026-08-16 03:12:53] [INFO] dicebot: [GET] /api/auth/me → 200 (7.5ms) IP=::1 UA=?
[2026-08-16 03:12:53] [INFO] dicebot: [POST] /api/online/heartbeat → 200 (5.8ms) IP=::1 UA=?
[2026-08-16 03:12:54] [INFO] dicebot: [POST] /api/online/leave → 200 (0.1ms) IP=::1 UA=?
[2026-08-16 03:12:54] [INFO] dicebot: [POST] /api/online/leave → 200 (0.1ms) IP=::1 UA=?
[2026-08-16 03:12:54] [INFO] dicebot: [GET] /api/mods → 200 (0.1ms) IP=::1 UA=?
[2026-08-16 03:12:54] [INFO] dicebot: [POST] /api/online/heartbeat → 200 (1.7ms) IP=::1 UA=?
[2026-08-16 03:12:55] [INFO] dicebot: [POST] /api/online/leave → 200 (0.1ms) IP=::1 UA=?
[2026-08-16 03:12:55] [INFO] dicebot: [POST] /api/online/leave → 200 (0.1ms) IP=::1 UA=?
[2026-08-16 03:12:55] [INFO] dicebot: [GET] /api/skills → 200 (0.0ms) IP=::1 UA=?
[2026-08-16 03:12:55] [INFO] dicebot: [GET] /api/conditions → 200 (1.1ms) IP=::1 UA=?
[2026-08-16 03:12:55] [INFO] dicebot: [GET] /api/custom/spells → 200 (0.1ms) IP=::1 UA=?
[2026-08-16 03:12:55] [INFO] dicebot: [POST] /api/online/heartbeat → 200 (2.1ms) IP=::1 UA=?
[2026-08-16 03:12:56] [INFO] dicebot: [POST] /api/online/leave → 200 (0.1ms) IP=::1 UA=?
[2026-08-16 03:12:56] [INFO] dicebot: [POST] /api/online/leave → 200 (0.1ms) IP=::1 UA=?
[2026-08-16 03:12:56] [INFO] dicebot: [GET] /ws → 200 (7873.8ms) IP=::1 UA=?
[2026-08-16 03:12:56] [WARNING] dicebot: 慢请求: [GET] /ws (7874ms)
[2026-08-16 03:12:56] [INFO] dicebot: [GET] /api/chat/messages → 200 (0.1ms) IP=::1 UA=?
[2026-08-16 03:12:56] [INFO] dicebot: [POST] /api/online/heartbeat → 200 (1.3ms) IP=::1 UA=?
[2026-08-16 03:12:56] [INFO] dicebot: [POST] /api/room/heartbeat → 200 (0.1ms) IP=::1 UA=?
[2026-08-16 03:12:56] [INFO] dicebot: [POST] /api/online/heartbeat → 200 (10.2ms) IP=::1 UA=?
[2026-08-16 03:12:56] [INFO] dicebot: [GET] /api/chat/messages → 200 (0.1ms) IP=::1 UA=?
[2026-08-16 03:12:56] [INFO] dicebot: [POST] /api/room/join → 200 (0.2ms) IP=::1 UA=?
[2026-08-16 03:12:56] [INFO] dicebot: [GET] /api/characters → 200 (197.9ms) IP=::1 UA=?
[2026-08-16 03:12:56] [INFO] dicebot: [POST] /api/shared-canvas/layer-image → 200 (13.8ms) IP=::1 UA=?
[2026-08-16 03:12:58] [INFO] dicebot: [GET] /api/chat/messages → 200 (0.1ms) IP=::1 UA=?
[2026-08-16 03:12:58] [INFO] dicebot: [GET] /api/events/notifications → 200 (0.1ms) IP=::1 UA=?
[2026-08-16 03:12:58] [INFO] dicebot: [GET] /api/events/notifications → 200 (0.1ms) IP=::1 UA=?
[2026-08-16 03:12:58] [INFO] dicebot: [GET] /api/mentions → 200 (0.1ms) IP=::1 UA=?
[2026-08-16 03:12:58] [INFO] dicebot: [GET] /api/shared-canvas → 200 (7.5ms) IP=::1 UA=?
[2026-08-16 03:12:58] [INFO] dicebot: 地图存档已保存: _autosave (2.7MB)
[2026-08-16 03:12:58] [INFO] dicebot: [POST] /api/map-saves → 200 (48.9ms) IP=::1 UA=?
[2026-08-16 03:12:59] [INFO] dicebot: [GET] /api/combat-state → 200 (0.0ms) IP=::1 UA=?
[2026-08-16 03:12:59] [INFO] dicebot: [POST] /api/online/leave → 200 (0.2ms) IP=::1 UA=?
[2026-08-16 03:12:59] [INFO] dicebot: [POST] /api/online/leave → 200 (0.1ms) IP=::1 UA=?
[2026-08-16 03:12:59] [INFO] dicebot: [GET] /api/events/notifications → 200 (0.1ms) IP=::1 UA=?
[2026-08-16 03:12:59] [INFO] dicebot: [POST] /api/online/leave → 200 (0.1ms) IP=::1 UA=?
[2026-08-16 03:12:59] [INFO] dicebot: [POST] /api/online/leave → 200 (0.2ms) IP=::1 UA=?
[2026-08-16 03:13:02] [INFO] dicebot: [GET] /api/events/notifications → 200 (0.1ms) IP=::1 UA=?
[2026-08-16 03:13:04] [INFO] dicebot: [GET] /api/events/notifications → 200 (0.1ms) IP=::1 UA=?
[2026-08-16 03:13:04] [INFO] dicebot: [GET] /ws → 200 (8305.0ms) IP=::1 UA=?
[2026-08-16 03:13:04] [WARNING] dicebot: 慢请求: [GET] /ws (8305ms)
[2026-08-16 03:13:04] [INFO] dicebot: [GET] /ws → 200 (8230.6ms) IP=::1 UA=?
[2026-08-16 03:13:04] [WARNING] dicebot: 慢请求: [GET] /ws (8231ms)
[2026-08-16 03:13:05] [INFO] dicebot: [POST] /api/online/leave → 200 (0.1ms) IP=::1 UA=?
[2026-08-16 03:13:05] [INFO] dicebot: [POST] /api/online/leave → 200 (0.1ms) IP=::1 UA=?
